SOURCE|DATE_OF_ACTION|OPER_TYPE|ACTION|CURRENCY|SR_CITY|SR_CODE|SR_COUNTRY|SR_NAME|SR_TYPE|FCMI|RCAT|TKT_COUNT|REP_DATE|SSR_FARE|SSR_SEAT_AMOUNT|SSR_NTBL_AMOUNT|SSR_XBAG_AMOUNT|SSR_WBAG_AMOUNT|SSR_CATERING_AMOUNT|FARE|PAX_FARE|DISCOUNT|TRANSACTION_FEE|TAX|SURCHARGE|CE_AMOUNT|TF_AMOUNT|SERVICE_FEE|PENALTY|SMS_FARE|OPTION_FARE|CASH_PAYMENT|CC_PAYMENT|EX_PAYMENT|DP_PAYMENT|GC_PAYMENT|MCO_PAYMENT|INV_PAYMENT|GRO_PAYMENT|EDD_PAYMENT|IDL_PAYMENT|FF_PAYMENT|BOH_PAYMENT|ISW_PAYMENT|SFT_PAYMENT|CQ_PAYMENT|MS_PAYMENT|GGP_PAYMENT|EP_PAYMENT|TP_PAYMENT|COMMISSION|MU_AMOUNT|VAT_AMOUNT|OTHER_PAYMENT|GAIN_LOSS_AMOUNT|LOC_SSR_SEAT_AMOUNT|LOC_SSR_NTBL_AMOUNT|LOC_SSR_XBAG_AMOUNT|LOC_SSR_WBAG_AMOUNT|LOC_SSR_CATERING_AMOUNT|LOC_FARE|LOC_PAX_FARE|LOC_DISCOUNT|LOC_TRANSACTION_FEE|LOC_TAX|LOC_SURCHARGE|LOC_CE_AMOUNT|LOC_TF_AMOUNT|LOC_SERVICE_FEE|LOC_PENALTY|LOC_SMS_FARE|LOC_OPTION_FARE|LOC_COMMISSION|LOC_MU_AMOUNT|LOC_CASH_PAYMENT|LOC_CC_PAYMENT|LOC_EX_PAYMENT|LOC_DP_PAYMENT|LOC_GC_PAYMENT|LOC_MCO_PAYMENT|LOC_INV_PAYMENT|LOC_GRO_PAYMENT|LOC_EDD_PAYMENT|LOC_IDL_PAYMENT|LOC_FF_PAYMENT|LOC_BOH_PAYMENT|LOC_ISW_PAYMENT|LOC_SFT_PAYMENT|LOC_CQ_PAYMENT|LOC_MS_PAYMENT|LOC_GGP_PAYMENT|LOC_EP_PAYMENT|LOC_TP_PAYMENT|LOC_OTHER_PAYMENT|LOC_GAIN_LOSS_AMOUNT
PAX|20-06-2024|DOM|Exchange|NGN|LOS|SD LOGISTICS & TOURS|NG|SD LOGISTICS AND TOURS LIMITED|AG|A|ACT|1|20-06-2024|0|0|0|0|0|0|106429|106429|0|0|15821|60000|0|0|0|0|0|0|0|0|-182250|0|0|0|0|0|0|0|0|0|0|0|0|0|0|0|0|-6386|0|0|0|0|0|0|0|0|0|106429|106429|0|0|15821|60000|0|0|0|0|0|0|-6386|0|0|0|-182250|0|0|0|0|0|0|0|0|0|0|0|0|0|0|0|0|0|0
PAX|20-06-2024|DOM|Reissue|NGN|LOS|LOSTKT|NG|LAGOS TICKETING|OF|A|ACT|1|20-06-2024|0|0|0|0|0|0|-70238|-70238|0|0|-14012|-60000|0|0|0|-5000|0|0|0|0|119250|30000|0|0|0|0|0|0|0|0|0|0|0|0|0|0|0|0|0|0|0|0|0|0|0|0|0|-70238|-70238|0|0|-14012|-60000|0|0|0|-5000|0|0|0|0|0|0|119250|30000|0|0|0|0|0|0|0|0|0|0|0|0|0|0|0|0|0
PAX|20-06-2024|DOM|Sales|NGN|ABV|ABVTKT|NG|ABUJA TICKETING|OF|A|ACT|16|20-06-2024|-34200|0|0|-31200|0|0|-213962|-179762|0|0|-39488|-300000|0|0|0|0|-640|0|8000|0|0|546090|0|0|0|0|0|0|0|0|0|0|0|0|0|0|0|0|0|0|0|0|0|0|-31200|0|0|-213962|-179762|0|0|-39488|-300000|0|0|0|0|-640|0|0|0|8000|0|0|546090|0|0|0|0|0|0|0|0|0|0|0|0|0|0|0|0|0
PAX|20-06-2024|DOM|Exchange|NGN|CBQ|CBQTKT|NG|CALABAR TICKETING|OF|A|ACT|1|20-06-2024|0|0|0|0|0|0|70238|70238|0|350|8512|60000|0|0|0|0|0|0|0|0|-139100|0|0|0|0|0|0|0|0|0|0|0|0|0|0|0|0|0|0|0|0|0|0|0|0|0|0|70238|70238|0|350|8512|60000|0|0|0|0|0|0|0|0|0|0|-139100|0|0|0|0|0|0|0|0|0|0|0|0|0|0|0|0|0|0
PAX|20-06-2024|DOM|Sales|NGN|LOS|LOSTKT|NG|LAGOS TICKETING|OF|A|ACT|6|20-06-2024|-18400|0|0|-18400|0|0|-54114|-35714|0|0|-17286|-120000|0|0|0|0|-160|0|9600|0|0|181960|0|0|0|0|0|0|0|0|0|0|0|0|0|0|0|0|0|0|0|0|0|0|-18400|0|0|-54114|-35714|0|0|-17286|-120000|0|0|0|0|-160|0|0|0|9600|0|0|181960|0|0|0|0|0|0|0|0|0|0|0|0|0|0|0|0|0
PAX|20-06-2024|DOM|Exchange|NGN|IN|B2C|IN|B2C|IN|A|ACT|42|20-06-2024|36000|0|0|0|0|0|1053948|1017948|0|11200|286401|2100000|0|0|0|-128573|0|0|0|0|-3322976|0|0|0|0|0|0|0|0|0|0|0|0|0|0|0|0|-1286|0|0|0|0|0|0|0|0|0|1053948|1017948|0|11200|286401|2100000|0|0|0|-128573|0|0|-1286|0|0|0|-3322976|0|0|0|0|0|0|0|0|0|0|0|0|0|0|0|0|0|0
PAX|20-06-2024|DOM|Reissue|NGN|LOS|SD LOGISTICS & TOURS|NG|SD LOGISTICS AND TOURS LIMITED|AG|A|ACT|1|20-06-2024|-5500|0|0|0|0|0|-5500|0|0|0|0|0|0|0|0|0|0|0|0|0|5500|0|0|0|0|0|0|0|0|0|0|0|0|0|0|0|0|0|0|0|0|0|0|0|0|0|0|-5500|0|0|0|0|0|0|0|0|0|0|0|0|0|0|0|5500|0|0|0|0|0|0|0|0|0|0|0|0|0|0|0|0|0|0
PAX|20-06-2024|DOM|Refund|NGN|ABV|ABVTKT|NG|ABUJA TICKETING|OF|A|ACT|2|20-06-2024|6000|0|0|0|0|0|6000|0|0|0|0|0|0|0|0|0|0|0|0|-3000|-3000|0|0|0|0|0|0|0|0|0|0|0|0|0|0|0|0|0|0|0|0|0|0|0|0|0|0|6000|0|0|0|0|0|0|0|0|0|0|0|0|0|0|-3000|-3000|0|0|0|0|0|0|0|0|0|0|0|0|0|0|0|0|0|0
PAX|20-06-2024|DOM|Refund|NGN|LOS|WINGS TRAVEL|NG|WINGS TRAVELS|AG|A|ACT|3|20-06-2024|0|0|0|0|0|0|37714|37714|0|0|33386|180000|0|0|0|-9428|0|0|0|0|0|0|0|0|-241672|0|0|0|0|0|0|0|0|0|0|0|0|-2262|0|0|0|0|0|0|0|0|0|37714|37714|0|0|33386|180000|0|0|0|-9428|0|0|-2262|0|0|0|0|0|0|0|-241672|0|0|0|0|0|0|0|0|0|0|0|0|0|0
PAX|20-06-2024|DOM|Reissue|NGN|LOS|AEROCC|NG|CALL CENTER|OF|A|ACT|2|20-06-2024|0|0|0|0|0|0|-40595|-40595|0|-350|-12530|-60000|0|0|0|0|0|0|0|0|113475|0|0|0|0|0|0|0|0|0|0|0|0|0|0|0|0|0|0|0|0|0|0|0|0|0|0|-40595|-40595|0|-350|-12530|-60000|0|0|0|0|0|0|0|0|0|0|113475|0|0|0|0|0|0|0|0|0|0|0|0|0|0|0|0|0|0
PAX|20-06-2024|DOM|Sales|NGN|LOS|WAKANOW OTA|NG|WAKANOW COMPANY LIMITED|AG|A|ACT|3|20-06-2024|0|0|0|0|0|0|-305953|-305953|0|0|-30297|-180000|0|0|0|0|0|0|0|0|0|0|0|0|516250|0|0|0|0|0|0|0|0|0|0|0|0|18357|0|0|0|0|0|0|0|0|0|-305953|-305953|0|0|-30297|-180000|0|0|0|0|0|0|18357|0|0|0|0|0|0|0|516250|0|0|0|0|0|0|0|0|0|0|0|0|0|0
PAX|20-06-2024|DOM|Reissue|NGN|SKO|SKOTKT|NG|SOKOTO TICKETING|OF|A|ACT|2|20-06-2024|-3000|0|0|0|0|0|-73238|-70238|0|0|-8512|-60000|0|0|0|-5000|0|0|0|0|76750|70000|0|0|0|0|0|0|0|0|0|0|0|0|0|0|0|0|0|0|0|0|0|0|0|0|0|-73238|-70238|0|0|-8512|-60000|0|0|0|-5000|0|0|0|0|0|0|76750|70000|0|0|0|0|0|0|0|0|0|0|0|0|0|0|0|0|0
PAX|20-06-2024|DOM|Sales|NGN|SKO|LILLYPOND INTEGRATED|NG|LILLYPOND INTEGRATED SERVICES LTD|AG|A|ACT|3|20-06-2024|0|0|0|0|0|0|-72238|-72238|0|0|-13612|-120000|0|0|0|0|-160|0|0|0|0|0|0|0|206010|0|0|0|0|0|0|0|0|0|0|0|0|4334|0|0|0|0|0|0|0|0|0|-72238|-72238|0|0|-13612|-120000|0|0|0|0|-160|0|4334|0|0|0|0|0|0|0|206010|0|0|0|0|0|0|0|0|0|0|0|0|0|0
PAX|20-06-2024|DOM|Sales|NGN|LOS|GRANDEUR WIS LTD|NG|GRANDEUR WI SERVICES LTD|AG|A|ACT|1|20-06-2024|0|0|0|0|0|0|-121667|-121667|0|0|-16583|-60000|0|0|0|0|0|0|0|0|0|0|0|0|198250|0|0|0|0|0|0|0|0|0|0|0|0|7300|0|0|0|0|0|0|0|0|0|-121667|-121667|0|0|-16583|-60000|0|0|0|0|0|0|7300|0|0|0|0|0|0|0|198250|0|0|0|0|0|0|0|0|0|0|0|0|0|0
PAX|20-06-2024|DOM|Exchange|NGN|SKO|SKOTKT|NG|SOKOTO TICKETING|OF|A|ACT|4|20-06-2024|0|0|0|0|0|0|103190|103190|0|350|34529|300000|0|0|0|0|0|0|0|0|-438069|0|0|0|0|0|0|0|0|0|0|0|0|0|0|0|0|-620|0|0|0|0|0|0|0|0|0|103190|103190|0|350|34529|300000|0|0|0|0|0|0|-620|0|0|0|-438069|0|0|0|0|0|0|0|0|0|0|0|0|0|0|0|0|0|0
PAX|20-06-2024|DOM|Reissue|NGN|ABV|FLINT AERO|NG|FLINT AERO SERVICES LTD|AG|A|ACT|1|20-06-2024|0|0|0|0|0|0|-70238|-70238|0|0|-8512|-60000|0|0|0|-5000|0|0|0|0|138750|0|0|0|5000|0|0|0|0|0|0|0|0|0|0|0|0|4214|0|0|0|0|0|0|0|0|0|-70238|-70238|0|0|-8512|-60000|0|0|0|-5000|0|0|4214|0|0|0|138750|0|0|0|5000|0|0|0|0|0|0|0|0|0|0|0|0|0|0
PAX|20-06-2024|DOM|Exchange|NGN|PHC|PHRONESIS TRAVEL ENT|NG|PHRONESIS TRAVEL ENTERPRISE|AG|A|ACT|1|20-06-2024|0|0|0|0|0|0|60714|60714|0|0|8036|60000|0|0|0|0|0|0|0|0|-128750|0|0|0|0|0|0|0|0|0|0|0|0|0|0|0|0|-3643|0|0|0|0|0|0|0|0|0|60714|60714|0|0|8036|60000|0|0|0|0|0|0|-3643|0|0|0|-128750|0|0|0|0|0|0|0|0|0|0|0|0|0|0|0|0|0|0
PAX|20-06-2024|DOM|Reissue|NGN|LOS|AEROCC|NG|CALL CENTER|OF|A|ACT|2|20-06-2024|-5500|0|0|0|0|0|-5500|0|0|0|0|0|0|0|0|0|0|0|0|0|5500|0|0|0|0|0|0|0|0|0|0|0|0|0|0|0|0|0|0|0|0|0|0|0|0|0|0|-5500|0|0|0|0|0|0|0|0|0|0|0|0|0|0|0|5500|0|0|0|0|0|0|0|0|0|0|0|0|0|0|0|0|0|0
PAX|20-06-2024|DOM|Reissue|NGN|LOS|LOSTKT|NG|LAGOS TICKETING|OF|A|ACT|1|20-06-2024|-3000|0|0|0|0|0|-3000|0|0|0|0|0|0|0|0|0|0|0|0|0|3000|0|0|0|0|0|0|0|0|0|0|0|0|0|0|0|0|0|0|0|0|0|0|0|0|0|0|-3000|0|0|0|0|0|0|0|0|0|0|0|0|0|0|0|3000|0|0|0|0|0|0|0|0|0|0|0|0|0|0|0|0|0|0
PAX|20-06-2024|DOM|Refund|NGN|CBQ|CBQTKT|NG|CALABAR TICKETING|OF|A|ACT|2|20-06-2024|6000|0|0|0|0|0|6000|0|0|0|0|0|0|0|0|0|0|0|0|-3000|-3000|0|0|0|0|0|0|0|0|0|0|0|0|0|0|0|0|0|0|0|0|0|0|0|0|0|0|6000|0|0|0|0|0|0|0|0|0|0|0|0|0|0|-3000|-3000|0|0|0|0|0|0|0|0|0|0|0|0|0|0|0|0|0|0
PAX|20-06-2024|DOM|Refund|NGN|LOS|AEROCC|NG|CALL CENTER|OF|A|ACT|8|20-06-2024|18000|0|0|0|0|0|18000|0|0|0|0|0|0|0|0|0|0|0|0|-9000|-9000|0|0|0|0|0|0|0|0|0|0|0|0|0|0|0|0|0|0|0|0|0|0|0|0|0|0|18000|0|0|0|0|0|0|0|0|0|0|0|0|0|0|-9000|-9000|0|0|0|0|0|0|0|0|0|0|0|0|0|0|0|0|0|0
PAX|20-06-2024|DOM|Sales|NGN|BNI|BNITKT|NG|BENIN TICKETING|OF|A|ACT|3|20-06-2024|0|0|0|0|0|0|-82143|-82143|0|0|-19107|-180000|0|0|0|0|0|0|0|0|0|281250|0|0|0|0|0|0|0|0|0|0|0|0|0|0|0|0|0|0|0|0|0|0|0|0|0|-82143|-82143|0|0|-19107|-180000|0|0|0|0|0|0|0|0|0|0|0|281250|0|0|0|0|0|0|0|0|0|0|0|0|0|0|0|0|0
PAX|20-06-2024|DOM|Exchange|NGN|YOL|H.A.M TRAVELS |NG|H.A.M TRAVELS NIG. LTD|AG|A|ACT|2|20-06-2024|0|0|0|0|0|0|35714|35714|0|700|11786|120000|0|0|0|0|0|0|0|0|-168200|0|0|0|0|0|0|0|0|0|0|0|0|0|0|0|0|0|0|0|0|0|0|0|0|0|0|35714|35714|0|700|11786|120000|0|0|0|0|0|0|0|0|0|0|-168200|0|0|0|0|0|0|0|0|0|0|0|0|0|0|0|0|0|0
PAX|20-06-2024|DOM|Exchange|NGN|LOS|SATGURU INVESTMENT|NG|SATGURU INVESTMENT NIG. LTD|AG|A|ACT|1|20-06-2024|0|0|0|0|0|0|35714|35714|0|0|11786|120000|0|0|0|0|0|0|0|0|-167500|0|0|0|0|0|0|0|0|0|0|0|0|0|0|0|0|-2143|0|0|0|0|0|0|0|0|0|35714|35714|0|0|11786|120000|0|0|0|0|0|0|-2143|0|0|0|-167500|0|0|0|0|0|0|0|0|0|0|0|0|0|0|0|0|0|0
PAX|20-06-2024|DOM|Sales|NGN|ABV|FLINT AERO|NG|FLINT AERO SERVICES LTD|AG|A|ACT|1|20-06-2024|0|0|0|0|0|0|-70238|-70238|0|0|-13512|-120000|0|0|0|0|0|0|0|0|0|0|0|0|203750|0|0|0|0|0|0|0|0|0|0|0|0|4214|0|0|0|0|0|0|0|0|0|-70238|-70238|0|0|-13512|-120000|0|0|0|0|0|0|4214|0|0|0|0|0|0|0|203750|0|0|0|0|0|0|0|0|0|0|0|0|0|0
PAX|20-06-2024|DOM|Sales|NGN|ABV|CAL2FLY LTD|NG|CAL2FLY LTD ABJ|AG|A|ACT|6|20-06-2024|0|0|0|0|0|0|-405238|-405238|0|0|-50262|-360000|0|0|0|0|0|0|0|0|0|0|0|0|815500|0|0|0|0|0|0|0|0|0|0|0|0|24313|0|0|0|0|0|0|0|0|0|-405238|-405238|0|0|-50262|-360000|0|0|0|0|0|0|24313|0|0|0|0|0|0|0|815500|0|0|0|0|0|0|0|0|0|0|0|0|0|0
PAX|20-06-2024|DOM|Reissue|NGN|ABV|ABVTKT|NG|ABUJA TICKETING|OF|A|ACT|3|20-06-2024|0|0|0|0|0|0|-58333|-58333|0|-700|-17917|-180000|0|0|0|-5000|0|0|0|0|256950|5000|0|0|0|0|0|0|0|0|0|0|0|0|0|0|0|500|0|0|0|0|0|0|0|0|0|-58333|-58333|0|-700|-17917|-180000|0|0|0|-5000|0|0|500|0|0|0|256950|5000|0|0|0|0|0|0|0|0|0|0|0|0|0|0|0|0|0
PAX|20-06-2024|DOM|Sales|NGN|LOS|JOLLY TRAVELS & TOUR|NG|JOLLY TRAVELS AND TOURS|AG|A|ACT|2|20-06-2024|0|0|0|0|0|0|-100000|-100000|0|0|-36000|-240000|0|0|0|0|0|0|0|0|0|0|0|0|376000|0|0|0|0|0|0|0|0|0|0|0|0|6000|0|0|0|0|0|0|0|0|0|-100000|-100000|0|0|-36000|-240000|0|0|0|0|0|0|6000|0|0|0|0|0|0|0|376000|0|0|0|0|0|0|0|0|0|0|0|0|0|0
PAX|20-06-2024|DOM|Sales|NGN|LOS|LOSTKT|NG|LAGOS TICKETING|OF|A|ACT|3|20-06-2024|0|0|0|0|0|0|-121428|-121428|0|0|-16072|-120000|0|0|0|0|-160|0|0|0|0|257660|0|0|0|0|0|0|0|0|0|0|0|0|0|0|0|0|0|0|0|0|0|0|0|0|0|-121428|-121428|0|0|-16072|-120000|0|0|0|0|-160|0|0|0|0|0|0|257660|0|0|0|0|0|0|0|0|0|0|0|0|0|0|0|0|0
PAX|20-06-2024|DOM|Sales|NGN|LOS|MEGLYN TRAVELS|NG|MEGLYN TRAVELS & TOURS|AG|A|ACT|2|20-06-2024|0|0|0|0|0|0|-60714|-60714|0|0|-13536|-60000|0|0|0|0|-160|0|0|0|0|0|0|0|134410|0|0|0|0|0|0|0|0|0|0|0|0|3643|0|0|0|0|0|0|0|0|0|-60714|-60714|0|0|-13536|-60000|0|0|0|0|-160|0|3643|0|0|0|0|0|0|0|134410|0|0|0|0|0|0|0|0|0|0|0|0|0|0
PAX|20-06-2024|DOM|Sales|NGN|LOS|AISAM LOGISTICS|NG|AISAM LOGISTICS NIGERIA LIMITED|AG|A|ACT|2|20-06-2024|0|0|0|0|0|0|-22619|-22619|0|0|-6500|-60000|0|0|0|0|-160|0|0|0|0|0|0|0|89279|0|0|0|0|0|0|0|0|0|0|0|0|1357|0|0|0|0|0|0|0|0|0|-22619|-22619|0|0|-6500|-60000|0|0|0|0|-160|0|1357|0|0|0|0|0|0|0|89279|0|0|0|0|0|0|0|0|0|0|0|0|0|0
PAX|20-06-2024|DOM|Reissue|NGN|LOS|LOSTKT|NG|LAGOS TICKETING|OF|A|ACT|8|20-06-2024|0|0|0|0|0|0|-413048|-413048|0|-700|-89452|-478000|0|0|0|-15000|0|0|26650|0|792550|177000|0|0|0|0|0|0|0|0|0|0|0|0|0|0|0|120|0|0|0|0|0|0|0|0|0|-413048|-413048|0|-700|-89452|-478000|0|0|0|-15000|0|0|120|0|26650|0|792550|177000|0|0|0|0|0|0|0|0|0|0|0|0|0|0|0|0|0
PAX|20-06-2024|DOM|Exchange|NGN|LOS|LOSTKT|NG|LAGOS TICKETING|OF|A|ACT|4|20-06-2024|0|0|0|0|0|0|172381|172381|0|700|42119|230000|0|0|0|0|0|0|0|0|-445200|0|0|0|0|0|0|0|0|0|0|0|0|0|0|0|0|0|0|0|0|0|0|0|0|0|0|172381|172381|0|700|42119|230000|0|0|0|0|0|0|0|0|0|0|-445200|0|0|0|0|0|0|0|0|0|0|0|0|0|0|0|0|0|0
PAX|20-06-2024|DOM|Sales|NGN|PHC|OASS TRAVELS & LOGIS|NG|OASS TRAVELS & LOGISTIC LTD|AG|A|ACT|1|20-06-2024|0|0|0|0|0|0|-70238|-70238|0|0|-8512|-60000|0|0|0|0|0|0|0|0|0|0|0|0|138750|0|0|0|0|0|0|0|0|0|0|0|0|4214|0|0|0|0|0|0|0|0|0|-70238|-70238|0|0|-8512|-60000|0|0|0|0|0|0|4214|0|0|0|0|0|0|0|138750|0|0|0|0|0|0|0|0|0|0|0|0|0|0
PAX|20-06-2024|DOM|Sales|NGN|LOS|AEROCC|NG|CALL CENTER|OF|A|ACT|1|20-06-2024|0|0|0|0|0|0|-13095|-13095|0|0|-5655|-60000|0|0|0|0|0|0|0|0|0|0|0|0|78750|0|0|0|0|0|0|0|0|0|0|0|0|0|0|0|0|0|0|0|0|0|0|-13095|-13095|0|0|-5655|-60000|0|0|0|0|0|0|0|0|0|0|0|0|0|0|78750|0|0|0|0|0|0|0|0|0|0|0|0|0|0
PAX|20-06-2024|DOM|Reissue|NGN|IN|B2C|IN|B2C|IN|A|ACT|8|20-06-2024|-6428|0|0|0|0|0|-6428|0|0|0|0|0|0|0|0|0|0|0|0|0|6428|0|0|0|0|0|0|0|0|0|0|0|0|0|0|0|0|0|0|0|0|0|0|0|0|0|0|-6428|0|0|0|0|0|0|0|0|0|0|0|0|0|0|0|6428|0|0|0|0|0|0|0|0|0|0|0|0|0|0|0|0|0|0
PAX|20-06-2024|DOM|Reissue|NGN|ABV|ABVTKT|NG|ABUJA TICKETING|OF|A|ACT|4|20-06-2024|0|0|0|0|0|0|-200810|-200810|0|-700|-45540|-360000|0|0|0|-5000|0|0|0|0|510200|101850|0|0|0|0|0|0|0|0|0|0|0|0|0|0|0|0|0|0|0|0|0|0|0|0|0|-200810|-200810|0|-700|-45540|-360000|0|0|0|-5000|0|0|0|0|0|0|510200|101850|0|0|0|0|0|0|0|0|0|0|0|0|0|0|0|0|0
PAX|20-06-2024|DOM|Exchange|NGN|ABV|ABVTKT|NG|ABUJA TICKETING|OF|A|ACT|3|20-06-2024|0|0|0|0|0|0|58333|58333|0|700|17917|180000|0|0|0|0|0|0|0|0|-256950|0|0|0|0|0|0|0|0|0|0|0|0|0|0|0|0|-500|0|0|0|0|0|0|0|0|0|58333|58333|0|700|17917|180000|0|0|0|0|0|0|-500|0|0|0|-256950|0|0|0|0|0|0|0|0|0|0|0|0|0|0|0|0|0|0
PAX|20-06-2024|DOM|Sales|NGN|ABB|ORIH TRAVELS & TOURS|NG|ORIH TRAVELS|AG|A|ACT|1|20-06-2024|0|0|0|0|0|0|-70238|-70238|0|0|-8512|-60000|0|0|0|0|0|0|0|0|0|0|0|0|138750|0|0|0|0|0|0|0|0|0|0|0|0|4214|0|0|0|0|0|0|0|0|0|-70238|-70238|0|0|-8512|-60000|0|0|0|0|0|0|4214|0|0|0|0|0|0|0|138750|0|0|0|0|0|0|0|0|0|0|0|0|0|0
PAX|20-06-2024|DOM|Reissue|NGN|SKO|LILLYPOND INTEGRATED|NG|LILLYPOND INTEGRATED SERVICES LTD|AG|A|ACT|3|20-06-2024|0|0|0|0|0|0|-90904|-90904|0|0|-71046|-600000|0|0|0|-5050|0|0|0|0|473450|0|0|0|293550|0|0|0|0|0|0|0|0|0|0|0|0|5454|0|0|0|0|0|0|0|0|0|-90904|-90904|0|0|-71046|-600000|0|0|0|-5050|0|0|5454|0|0|0|473450|0|0|0|293550|0|0|0|0|0|0|0|0|0|0|0|0|0|0
PAX|20-06-2024|DOM|Reissue|NGN|PHG|PHCTKT|NG|PORTHARCOURT TICKETING|OF|A|ACT|1|20-06-2024|0|0|0|0|0|0|-8333|-8333|0|-350|-5417|-60000|0|0|0|0|0|0|0|0|74100|0|0|0|0|0|0|0|0|0|0|0|0|0|0|0|0|0|0|0|0|0|0|0|0|0|0|-8333|-8333|0|-350|-5417|-60000|0|0|0|0|0|0|0|0|0|0|74100|0|0|0|0|0|0|0|0|0|0|0|0|0|0|0|0|0|0
PAX|20-06-2024|DOM|Exchange|NGN|ABV|FLINT AERO|NG|FLINT AERO SERVICES LTD|AG|A|ACT|1|20-06-2024|0|0|0|0|0|0|70238|70238|0|0|8512|60000|0|0|0|0|0|0|0|0|-138750|0|0|0|0|0|0|0|0|0|0|0|0|0|0|0|0|-4214|0|0|0|0|0|0|0|0|0|70238|70238|0|0|8512|60000|0|0|0|0|0|0|-4214|0|0|0|-138750|0|0|0|0|0|0|0|0|0|0|0|0|0|0|0|0|0|0
PAX|20-06-2024|DOM|Sales|NGN|CBQ|CBQTKT|NG|CALABAR TICKETING|OF|A|ACT|27|20-06-2024|-33000|0|0|0|0|0|-840854|-807854|0|0|-150393|-1320000|0|0|0|0|-640|0|0|0|0|2311887|0|0|0|0|0|0|0|0|0|0|0|0|0|0|0|0|0|0|0|0|0|0|0|0|0|-840854|-807854|0|0|-150393|-1320000|0|0|0|0|-640|0|0|0|0|0|0|2311887|0|0|0|0|0|0|0|0|0|0|0|0|0|0|0|0|0
PAX|20-06-2024|DOM|Sales|NGN|LOS|WALKTHROUGH9JA|NG|WALKTHROUGH9JA LOGISTICS SERVICE LIMITED|AG|A|ACT|1|20-06-2024|0|0|0|0|0|0|-13095|-13095|0|0|-11155|-60000|0|0|0|0|0|0|0|0|0|0|0|0|84250|0|0|0|0|0|0|0|0|0|0|0|0|786|0|0|0|0|0|0|0|0|0|-13095|-13095|0|0|-11155|-60000|0|0|0|0|0|0|786|0|0|0|0|0|0|0|84250|0|0|0|0|0|0|0|0|0|0|0|0|0|0
PAX|20-06-2024|DOM|Reissue|NGN|LOS|AEROCC|NG|CALL CENTER|OF|A|ACT|2|20-06-2024|-3000|0|0|0|0|0|-25619|-22619|0|-350|-11631|-60000|0|0|0|0|0|0|0|0|97600|0|0|0|0|0|0|0|0|0|0|0|0|0|0|0|0|0|0|0|0|0|0|0|0|0|0|-25619|-22619|0|-350|-11631|-60000|0|0|0|0|0|0|0|0|0|0|97600|0|0|0|0|0|0|0|0|0|0|0|0|0|0|0|0|0|0
PAX|20-06-2024|DOM|Refund|NGN|LOS|SD LOGISTICS & TOURS|NG|SD LOGISTICS AND TOURS LIMITED|AG|A|ACT|1|20-06-2024|5500|0|0|0|0|0|5500|0|0|0|0|0|0|0|0|0|0|0|0|0|0|0|0|0|-5500|0|0|0|0|0|0|0|0|0|0|0|0|0|0|0|0|0|0|0|0|0|0|5500|0|0|0|0|0|0|0|0|0|0|0|0|0|0|0|0|0|0|0|-5500|0|0|0|0|0|0|0|0|0|0|0|0|0|0
PAX|20-06-2024|DOM|Exchange|NGN|LOS|LOSTKT|NG|LAGOS TICKETING|OF|A|ACT|1|20-06-2024|0|0|0|0|0|0|8333|8333|0|0|5417|60000|0|0|0|0|0|0|0|0|-73750|0|0|0|0|0|0|0|0|0|0|0|0|0|0|0|0|0|0|0|0|0|0|0|0|0|0|8333|8333|0|0|5417|60000|0|0|0|0|0|0|0|0|0|0|-73750|0|0|0|0|0|0|0|0|0|0|0|0|0|0|0|0|0|0
PAX|20-06-2024|DOM|Reissue|NGN|LOS|LOSTKT|NG|LAGOS TICKETING|OF|A|ACT|3|20-06-2024|0|0|0|0|0|0|-88904|-88904|103393|-350|-41739|-298000|0|0|0|-5000|0|0|0|0|263950|66650|0|0|0|0|0|0|0|0|0|0|0|0|0|0|0|0|0|0|0|0|0|0|0|0|0|-88904|-88904|103393|-350|-41739|-298000|0|0|0|-5000|0|0|0|0|0|0|263950|66650|0|0|0|0|0|0|0|0|0|0|0|0|0|0|0|0|0
PAX|20-06-2024|DOM|Refund|NGN|IN|B2C|IN|B2C|IN|A|ACT|8|20-06-2024|6428|0|0|0|0|0|6428|0|0|0|0|0|0|0|0|0|0|0|0|-6190|0|0|0|0|-238|0|0|0|0|0|0|0|0|0|0|0|0|0|0|0|0|0|0|0|0|0|0|6428|0|0|0|0|0|0|0|0|0|0|0|0|0|0|-6190|0|0|0|0|-238|0|0|0|0|0|0|0|0|0|0|0|0|0|0
PAX|20-06-2024|DOM|Sales|NGN|LOS|DHARR TRAVELS AND LO|NG|DHARR TRAVELS AND LOGISTICS LIMITED|AG|A|ACT|1|20-06-2024|0|0|0|0|0|0|-60714|-60714|0|0|-8036|-60000|0|0|0|0|0|0|0|0|0|0|0|0|128750|0|0|0|0|0|0|0|0|0|0|0|0|3643|0|0|0|0|0|0|0|0|0|-60714|-60714|0|0|-8036|-60000|0|0|0|0|0|0|3643|0|0|0|0|0|0|0|128750|0|0|0|0|0|0|0|0|0|0|0|0|0|0
PAX|20-06-2024|DOM|Sales|NGN|YOL|HB GLOBAL TRAVELS|NG|HB GLOBAL TRAVELS LIMITED|AG|A|ACT|4|20-06-2024|0|0|0|0|0|0|-67857|-67857|0|0|-18393|-180000|0|0|0|0|-160|0|0|0|0|0|0|0|266410|0|0|0|0|0|0|0|0|0|0|0|0|4071|0|0|0|0|0|0|0|0|0|-67857|-67857|0|0|-18393|-180000|0|0|0|0|-160|0|4071|0|0|0|0|0|0|0|266410|0|0|0|0|0|0|0|0|0|0|0|0|0|0
PAX|20-06-2024|DOM|Refund|NGN|LOS|LOSTKT|NG|LAGOS TICKETING|OF|A|ACT|2|20-06-2024|6000|0|0|0|0|0|6000|0|0|0|0|0|0|0|0|0|0|0|0|-3000|-3000|0|0|0|0|0|0|0|0|0|0|0|0|0|0|0|0|0|0|0|0|0|0|0|0|0|0|6000|0|0|0|0|0|0|0|0|0|0|0|0|0|0|-3000|-3000|0|0|0|0|0|0|0|0|0|0|0|0|0|0|0|0|0|0
PAX|20-06-2024|DOM|Sales|NGN|LOS|AEROCC|NG|CALL CENTER|OF|A|ACT|69|20-06-2024|-51000|0|0|0|0|0|-1345713|-1294713|82618|0|-305236|-2160000|0|0|0|0|-3360|0|0|0|0|0|0|0|3731691|0|0|0|0|0|0|0|0|0|0|0|0|0|0|0|0|0|0|0|0|0|0|-1345713|-1294713|82618|0|-305236|-2160000|0|0|0|0|-3360|0|0|0|0|0|0|0|0|0|3731691|0|0|0|0|0|0|0|0|0|0|0|0|0|0
PAX|20-06-2024|DOM|Sales|NGN|KAN|KANTKT|NG|KANO TICKETING|OF|A|ACT|11|20-06-2024|0|0|0|0|0|0|-232594|-232594|0|0|-53345|-480000|0|0|0|0|-320|0|0|0|0|766259|0|0|0|0|0|0|0|0|0|0|0|0|0|0|0|0|0|0|0|0|0|0|0|0|0|-232594|-232594|0|0|-53345|-480000|0|0|0|0|-320|0|0|0|0|0|0|766259|0|0|0|0|0|0|0|0|0|0|0|0|0|0|0|0|0
PAX|20-06-2024|DOM|Refund|NGN|LOS|PRIMUS TOURS & TRAVE|NG|PRIMUS TOURS AND TRAVELS LTD|AG|A|ACT|1|20-06-2024|0|0|0|0|0|0|36905|36905|0|0|12000|60000|0|0|0|-9226|0|0|0|0|0|0|0|0|-99679|0|0|0|0|0|0|0|0|0|0|0|0|-2214|0|0|0|0|0|0|0|0|0|36905|36905|0|0|12000|60000|0|0|0|-9226|0|0|-2214|0|0|0|0|0|0|0|-99679|0|0|0|0|0|0|0|0|0|0|0|0|0|0
PAX|20-06-2024|DOM|Reissue|NGN|LOS|LOSTKT|NG|LAGOS TICKETING|OF|M|ACT|1|20-06-2024|0|0|0|0|0|0|-8333|-8333|0|0|-5417|-60000|0|0|0|0|0|0|0|0|73750|0|0|0|0|0|0|0|0|0|0|0|0|0|0|0|0|0|0|0|0|0|0|0|0|0|0|-8333|-8333|0|0|-5417|-60000|0|0|0|0|0|0|0|0|0|0|73750|0|0|0|0|0|0|0|0|0|0|0|0|0|0|0|0|0|0
PAX|20-06-2024|DOM|Sales|NGN|LOS|FLY4CHEAPER |NG|FLY4CHEAPER LIMITED|AG|A|ACT|2|20-06-2024|0|0|0|0|0|0|-126190|-126190|0|0|-32310|-180000|0|0|0|0|0|0|0|0|0|0|0|0|338500|0|0|0|0|0|0|0|0|0|0|0|0|7571|0|0|0|0|0|0|0|0|0|-126190|-126190|0|0|-32310|-180000|0|0|0|0|0|0|7571|0|0|0|0|0|0|0|338500|0|0|0|0|0|0|0|0|0|0|0|0|0|0
PAX|20-06-2024|DOM|Exchange|NGN|LOS|IPFM CONTINENTAL |NG|IPFM CONTINENTAL AND SYNERGY LIMITED|AG|A|ACT|1|20-06-2024|0|0|0|0|0|0|70238|70238|0|0|14012|60000|0|0|0|0|0|0|0|0|-144250|0|0|0|0|0|0|0|0|0|0|0|0|0|0|0|0|-4214|0|0|0|0|0|0|0|0|0|70238|70238|0|0|14012|60000|0|0|0|0|0|0|-4214|0|0|0|-144250|0|0|0|0|0|0|0|0|0|0|0|0|0|0|0|0|0|0
PAX|20-06-2024|DOM|Reissue|NGN|PHG|PHCTKT|NG|PORTHARCOURT TICKETING|OF|A|ACT|13|20-06-2024|0|0|0|0|0|0|-510331|-510331|0|-2100|-106519|-840000|0|0|0|-25000|0|0|0|0|1402300|81650|0|0|0|0|0|0|0|0|0|0|0|0|0|0|0|0|0|0|0|0|0|0|0|0|0|-510331|-510331|0|-2100|-106519|-840000|0|0|0|-25000|0|0|0|0|0|0|1402300|81650|0|0|0|0|0|0|0|0|0|0|0|0|0|0|0|0|0
PAX|20-06-2024|DOM|Sales|NGN|PHC|IGONI TRAVELS|NG|IGONI|AG|A|ACT|6|20-06-2024|0|0|0|0|0|0|-264143|-264143|0|0|-33107|-238000|0|0|0|0|-320|0|0|0|0|0|0|0|535570|0|0|0|0|0|0|0|0|0|0|0|0|15848|0|0|0|0|0|0|0|0|0|-264143|-264143|0|0|-33107|-238000|0|0|0|0|-320|0|15848|0|0|0|0|0|0|0|535570|0|0|0|0|0|0|0|0|0|0|0|0|0|0
PAX|20-06-2024|DOM|Reissue|NGN|LOS|GODLINK LOGISTICS|NG|GODLINK LOGISTICS|AG|A|ACT|1|20-06-2024|0|0|0|0|0|0|-70238|-70238|0|0|-8512|-60000|0|0|0|-5000|0|0|0|0|72600|0|0|0|71150|0|0|0|0|0|0|0|0|0|0|0|0|4214|0|0|0|0|0|0|0|0|0|-70238|-70238|0|0|-8512|-60000|0|0|0|-5000|0|0|4214|0|0|0|72600|0|0|0|71150|0|0|0|0|0|0|0|0|0|0|0|0|0|0
PAX|20-06-2024|DOM|Reissue|NGN|YOL|LEDONS GLOBAL |NG|LEDONS GLOBAL VENTURES|AG|A|ACT|1|20-06-2024|0|0|0|0|0|0|-22619|-22619|0|-350|-6131|-60000|0|0|0|-5000|0|0|0|0|78600|0|0|0|15500|0|0|0|0|0|0|0|0|0|0|0|0|1357|0|0|0|0|0|0|0|0|0|-22619|-22619|0|-350|-6131|-60000|0|0|0|-5000|0|0|1357|0|0|0|78600|0|0|0|15500|0|0|0|0|0|0|0|0|0|0|0|0|0|0
PAX|20-06-2024|DOM|Reissue|NGN|CBQ|CBQTKT|NG|CALABAR TICKETING|OF|A|ACT|1|20-06-2024|0|0|0|0|0|0|-70238|-70238|0|-350|-8512|-60000|0|0|0|0|0|0|0|0|139100|0|0|0|0|0|0|0|0|0|0|0|0|0|0|0|0|0|0|0|0|0|0|0|0|0|0|-70238|-70238|0|-350|-8512|-60000|0|0|0|0|0|0|0|0|0|0|139100|0|0|0|0|0|0|0|0|0|0|0|0|0|0|0|0|0|0
PAX|20-06-2024|DOM|Sales|NGN|LOS|JOLLY TRAVELS & TOUR|NG|JOLLY TRAVELS AND TOURS|AG|A|ACT|2|20-06-2024|0|0|0|0|0|0|-106429|-106429|0|0|-10321|-60000|0|0|0|0|-160|0|0|0|0|0|0|0|176910|0|0|0|0|0|0|0|0|0|0|0|0|6386|0|0|0|0|0|0|0|0|0|-106429|-106429|0|0|-10321|-60000|0|0|0|0|-160|0|6386|0|0|0|0|0|0|0|176910|0|0|0|0|0|0|0|0|0|0|0|0|0|0
PAX|20-06-2024|DOM|Refund|NGN|ABV|ABVTKT|NG|ABUJA TICKETING|OF|A|ACT|1|20-06-2024|500|0|0|0|0|0|500|0|0|0|0|0|0|0|0|0|0|0|0|-500|0|0|0|0|0|0|0|0|0|0|0|0|0|0|0|0|0|0|0|0|0|0|0|0|0|0|0|500|0|0|0|0|0|0|0|0|0|0|0|0|0|0|-500|0|0|0|0|0|0|0|0|0|0|0|0|0|0|0|0|0|0|0
PAX|20-06-2024|DOM|Exchange|NGN|LOS|AEROCC|NG|CALL CENTER|OF|N|ACT|1|20-06-2024|0|0|0|0|0|0|636|636|0|0|4527|0|0|0|0|0|0|0|0|0|-5163|0|0|0|0|0|0|0|0|0|0|0|0|0|0|0|0|0|0|0|0|0|0|0|0|0|0|636|636|0|0|4527|0|0|0|0|0|0|0|0|0|0|0|-5163|0|0|0|0|0|0|0|0|0|0|0|0|0|0|0|0|0|0
PAX|20-06-2024|DOM|Reissue|NGN|LOS|LOSTKT|NG|LAGOS TICKETING|OF|M|ACT|1|20-06-2024|0|0|0|0|0|0|-8333|-8333|0|0|-5417|-60000|0|0|0|0|0|0|0|0|73750|0|0|0|0|0|0|0|0|0|0|0|0|0|0|0|0|0|0|0|0|0|0|0|0|0|0|-8333|-8333|0|0|-5417|-60000|0|0|0|0|0|0|0|0|0|0|73750|0|0|0|0|0|0|0|0|0|0|0|0|0|0|0|0|0|0
PAX|20-06-2024|DOM|Sales|NGN|LOS|DESOE TRAVELS|NG|DESOE TRAVELS LOGISTICS|AG|A|ACT|2|20-06-2024|0|0|0|0|0|0|-140476|-140476|0|0|-28024|-120000|0|0|0|0|0|0|0|0|0|0|0|0|288500|0|0|0|0|0|0|0|0|0|0|0|0|8428|0|0|0|0|0|0|0|0|0|-140476|-140476|0|0|-28024|-120000|0|0|0|0|0|0|8428|0|0|0|0|0|0|0|288500|0|0|0|0|0|0|0|0|0|0|0|0|0|0
PAX|20-06-2024|DOM|Exchange|NGN|BNI|BNITKT|NG|BENIN TICKETING|OF|A|ACT|1|20-06-2024|0|0|0|0|0|0|13095|13095|0|350|11155|60000|0|0|0|0|0|0|0|0|-84600|0|0|0|0|0|0|0|0|0|0|0|0|0|0|0|0|0|0|0|0|0|0|0|0|0|0|13095|13095|0|350|11155|60000|0|0|0|0|0|0|0|0|0|0|-84600|0|0|0|0|0|0|0|0|0|0|0|0|0|0|0|0|0|0
PAX|20-06-2024|DOM|Sales|NGN|ABV|ABVTKT|NG|ABUJA TICKETING|OF|A|ACT|1|20-06-2024|0|0|0|0|0|0|-70238|-70238|0|0|-8512|-60000|0|0|0|0|0|0|0|0|0|138750|0|0|0|0|0|0|0|0|0|0|0|0|0|0|0|0|0|0|0|0|0|0|0|0|0|-70238|-70238|0|0|-8512|-60000|0|0|0|0|0|0|0|0|0|0|0|138750|0|0|0|0|0|0|0|0|0|0|0|0|0|0|0|0|0
PAX|20-06-2024|DOM|Sales|NGN|SKO|HEXCEL TRAVELS|NG|HEXCEL TRAVELS|AG|A|ACT|6|20-06-2024|0|0|0|0|0|0|-95238|-95238|0|0|-24762|-240000|0|0|0|0|-320|0|0|0|0|0|0|0|360320|0|0|0|0|0|0|0|0|0|0|0|0|5715|0|0|0|0|0|0|0|0|0|-95238|-95238|0|0|-24762|-240000|0|0|0|0|-320|0|5715|0|0|0|0|0|0|0|360320|0|0|0|0|0|0|0|0|0|0|0|0|0|0
PAX|20-06-2024|DOM|Reissue|NGN|ABV|ABVTKT|NG|ABUJA TICKETING|OF|A|ACT|1|20-06-2024|-3000|0|0|0|0|0|-3000|0|0|0|0|0|0|0|0|0|0|0|0|0|3000|0|0|0|0|0|0|0|0|0|0|0|0|0|0|0|0|0|0|0|0|0|0|0|0|0|0|-3000|0|0|0|0|0|0|0|0|0|0|0|0|0|0|0|3000|0|0|0|0|0|0|0|0|0|0|0|0|0|0|0|0|0|0
PAX|20-06-2024|DOM|Reissue|NGN|PHG|PHCTKT|NG|PORTHARCOURT TICKETING|OF|A|ACT|4|20-06-2024|-13000|0|0|0|0|0|-13000|0|0|0|0|0|0|0|0|0|0|0|0|0|13000|0|0|0|0|0|0|0|0|0|0|0|0|0|0|0|0|0|0|0|0|0|0|0|0|0|0|-13000|0|0|0|0|0|0|0|0|0|0|0|0|0|0|0|13000|0|0|0|0|0|0|0|0|0|0|0|0|0|0|0|0|0|0
PAX|20-06-2024|DOM|Sales|NGN|LOS|GRANDEUR WIS LTD|NG|GRANDEUR WI SERVICES LTD|AG|A|ACT|1|20-06-2024|0|0|0|0|0|0|-121667|-121667|0|0|-16583|-60000|0|0|0|0|0|0|0|0|0|0|0|0|198250|0|0|0|0|0|0|0|0|0|0|0|0|7300|0|0|0|0|0|0|0|0|0|-121667|-121667|0|0|-16583|-60000|0|0|0|0|0|0|7300|0|0|0|0|0|0|0|198250|0|0|0|0|0|0|0|0|0|0|0|0|0|0
PAX|20-06-2024|DOM|Sales|NGN|LOS|LOSTKT|NG|LAGOS TICKETING|OF|A|ACT|2|20-06-2024|0|0|0|0|0|0|-140476|-140476|0|0|-28024|-120000|0|0|0|0|0|0|0|0|0|288500|0|0|0|0|0|0|0|0|0|0|0|0|0|0|0|0|0|0|0|0|0|0|0|0|0|-140476|-140476|0|0|-28024|-120000|0|0|0|0|0|0|0|0|0|0|0|288500|0|0|0|0|0|0|0|0|0|0|0|0|0|0|0|0|0
PAX|20-06-2024|DOM|Sales|NGN|LOS|RISING SUN TOUR |NG|RISING SUN TOUR LOGISTICS LTD|AG|A|ACT|6|20-06-2024|0|0|0|0|0|0|-171429|-171429|0|0|-34071|-240000|0|0|0|0|-320|0|0|0|0|0|0|0|445820|0|0|0|0|0|0|0|0|0|0|0|0|10286|0|0|0|0|0|0|0|0|0|-171429|-171429|0|0|-34071|-240000|0|0|0|0|-320|0|10286|0|0|0|0|0|0|0|445820|0|0|0|0|0|0|0|0|0|0|0|0|0|0
PAX|20-06-2024|DOM|Reissue|NGN|ABV|DE PREFERRED S PRING|NG|DE PREFERRED SPRING TRAVELS LTD|AG|A|ACT|1|20-06-2024|0|0|0|0|0|0|-17857|-17857|0|-350|-11393|-60000|0|0|0|-5000|0|0|0|0|89600|0|0|0|5000|0|0|0|0|0|0|0|0|0|0|0|0|1071|0|0|0|0|0|0|0|0|0|-17857|-17857|0|-350|-11393|-60000|0|0|0|-5000|0|0|1071|0|0|0|89600|0|0|0|5000|0|0|0|0|0|0|0|0|0|0|0|0|0|0
PAX|20-06-2024|DOM|Exchange|NGN|LOS|LOSTKT|NG|LAGOS TICKETING|OF|A|ACT|3|20-06-2024|0|0|0|0|0|0|30190|30190|-103393|350|38803|298000|0|0|0|0|0|0|0|0|-263950|0|0|0|0|0|0|0|0|0|0|0|0|0|0|0|0|0|0|0|0|0|0|0|0|0|0|30190|30190|-103393|350|38803|298000|0|0|0|0|0|0|0|0|0|0|-263950|0|0|0|0|0|0|0|0|0|0|0|0|0|0|0|0|0|0
PAX|20-06-2024|DOM|Sales|NGN|IN|B2C|IN|B2C|IN|A|ACT|9|20-06-2024|-6000|0|0|0|0|0|-167368|-161368|0|-1750|-43569|-360000|0|0|0|0|0|0|0|572687|0|0|0|0|0|0|0|0|0|0|0|0|0|0|0|0|0|0|0|0|0|0|0|0|0|0|0|-167368|-161368|0|-1750|-43569|-360000|0|0|0|0|0|0|0|0|0|572687|0|0|0|0|0|0|0|0|0|0|0|0|0|0|0|0|0|0|0
PAX|20-06-2024|DOM|Reissue|NGN|LOS|LOSTKT|NG|LAGOS TICKETING|OF|A|ACT|4|20-06-2024|-10000|0|0|0|0|0|-10000|0|0|0|0|0|0|0|0|0|0|0|0|0|10000|0|0|0|0|0|0|0|0|0|0|0|0|0|0|0|0|0|0|0|0|0|0|0|0|0|0|-10000|0|0|0|0|0|0|0|0|0|0|0|0|0|0|0|10000|0|0|0|0|0|0|0|0|0|0|0|0|0|0|0|0|0|0
PAX|20-06-2024|DOM|Sales|NGN|LOS|AEROCC|NG|CALL CENTER|OF|A|ACT|2|20-06-2024|0|0|0|0|0|0|-13095|-13095|0|0|-5655|-60000|0|0|0|0|-160|0|0|0|0|0|0|0|78910|0|0|0|0|0|0|0|0|0|0|0|0|0|0|0|0|0|0|0|0|0|0|-13095|-13095|0|0|-5655|-60000|0|0|0|0|-160|0|0|0|0|0|0|0|0|0|78910|0|0|0|0|0|0|0|0|0|0|0|0|0|0
PAX|20-06-2024|DOM|Refund|NGN|LOS|WAKANOW OTA|NG|WAKANOW COMPANY LIMITED|AG|A|ACT|1|20-06-2024|0|0|0|0|0|0|41667|41667|0|0|7083|60000|0|0|0|-10417|0|0|0|0|0|0|0|0|-98333|0|0|0|0|0|0|0|0|0|0|0|0|-2500|0|0|0|0|0|0|0|0|0|41667|41667|0|0|7083|60000|0|0|0|-10417|0|0|-2500|0|0|0|0|0|0|0|-98333|0|0|0|0|0|0|0|0|0|0|0|0|0|0
PAX|20-06-2024|DOM|Reissue|NGN|ABV|ABVTKT|NG|ABUJA TICKETING|OF|A|ACT|1|20-06-2024|-500|0|0|0|0|0|-500|0|0|0|0|0|0|0|0|0|0|0|0|0|500|0|0|0|0|0|0|0|0|0|0|0|0|0|0|0|0|0|0|0|0|0|0|0|0|0|0|-500|0|0|0|0|0|0|0|0|0|0|0|0|0|0|0|500|0|0|0|0|0|0|0|0|0|0|0|0|0|0|0|0|0|0
PAX|20-06-2024|DOM|Reissue|NGN|ABV|ABVTKT|NG|ABUJA TICKETING|OF|A|ACT|1|20-06-2024|0|0|0|0|0|0|-27381|-27381|0|-350|-6369|-60000|0|0|0|0|0|0|0|0|77350|16750|0|0|0|0|0|0|0|0|0|0|0|0|0|0|0|0|0|0|0|0|0|0|0|0|0|-27381|-27381|0|-350|-6369|-60000|0|0|0|0|0|0|0|0|0|0|77350|16750|0|0|0|0|0|0|0|0|0|0|0|0|0|0|0|0|0
PAX|20-06-2024|DOM|Exchange|NGN|ABV|ABVTKT|NG|ABUJA TICKETING|OF|A|ACT|1|20-06-2024|0|0|0|0|0|0|8333|8333|0|350|10917|60000|0|0|0|0|0|0|0|0|-79600|0|0|0|0|0|0|0|0|0|0|0|0|0|0|0|0|0|0|0|0|0|0|0|0|0|0|8333|8333|0|350|10917|60000|0|0|0|0|0|0|0|0|0|0|-79600|0|0|0|0|0|0|0|0|0|0|0|0|0|0|0|0|0|0
PAX|20-06-2024|DOM|Sales|NGN|LOS|IPFM CONTINENTAL |NG|IPFM CONTINENTAL AND SYNERGY LIMITED|AG|A|ACT|1|20-06-2024|0|0|0|0|0|0|-45238|-45238|0|0|-17762|-120000|0|0|0|0|0|0|0|0|0|0|0|0|183000|0|0|0|0|0|0|0|0|0|0|0|0|2715|0|0|0|0|0|0|0|0|0|-45238|-45238|0|0|-17762|-120000|0|0|0|0|0|0|2715|0|0|0|0|0|0|0|183000|0|0|0|0|0|0|0|0|0|0|0|0|0|0
PAX|20-06-2024|DOM|Sales|NGN|LOS|BUKTEXTRAVELS|NG|BUKTEXTRAVELS AND LOGISTICS|AG|A|ACT|1|20-06-2024|0|0|0|0|0|0|-121667|-121667|0|0|-11083|-60000|0|0|0|0|0|0|0|0|0|0|0|0|192750|0|0|0|0|0|0|0|0|0|0|0|0|7300|0|0|0|0|0|0|0|0|0|-121667|-121667|0|0|-11083|-60000|0|0|0|0|0|0|7300|0|0|0|0|0|0|0|192750|0|0|0|0|0|0|0|0|0|0|0|0|0|0
PAX|20-06-2024|DOM|Reissue|NGN|LOS|AEROCC|NG|CALL CENTER|OF|N|ACT|1|20-06-2024|0|0|0|0|0|0|-636|-636|0|0|-4527|0|0|0|0|0|0|0|0|0|5163|0|0|0|0|0|0|0|0|0|0|0|0|0|0|0|0|0|0|0|0|0|0|0|0|0|0|-636|-636|0|0|-4527|0|0|0|0|0|0|0|0|0|0|0|5163|0|0|0|0|0|0|0|0|0|0|0|0|0|0|0|0|0|0
PAX|20-06-2024|DOM|Reissue|NGN|PHG|PHCTKT|NG|PORTHARCOURT TICKETING|OF|A|ACT|1|20-06-2024|-3000|0|0|0|0|0|-3000|0|0|0|0|0|0|0|0|0|0|0|0|0|3000|0|0|0|0|0|0|0|0|0|0|0|0|0|0|0|0|0|0|0|0|0|0|0|0|0|0|-3000|0|0|0|0|0|0|0|0|0|0|0|0|0|0|0|3000|0|0|0|0|0|0|0|0|0|0|0|0|0|0|0|0|0|0
PAX|20-06-2024|DOM|Sales|NGN|LOS|GODLINK LOGISTICS|NG|GODLINK LOGISTICS|AG|A|ACT|1|20-06-2024|0|0|0|0|0|0|-36905|-36905|0|0|-12345|-60000|0|0|0|0|0|0|0|0|0|0|0|0|109250|0|0|0|0|0|0|0|0|0|0|0|0|2214|0|0|0|0|0|0|0|0|0|-36905|-36905|0|0|-12345|-60000|0|0|0|0|0|0|2214|0|0|0|0|0|0|0|109250|0|0|0|0|0|0|0|0|0|0|0|0|0|0
PAX|20-06-2024|DOM|Sales|NGN|LOS|VALTHEBEST LOGISTICS|NG|VALTHEBEST LOGISTICS SERVICES|AG|A|ACT|5|20-06-2024|0|0|0|0|0|0|-252380|-252380|0|0|-38120|-240000|0|0|0|0|-160|0|0|0|0|0|0|0|530660|0|0|0|0|0|0|0|0|0|0|0|0|15143|0|0|0|0|0|0|0|0|0|-252380|-252380|0|0|-38120|-240000|0|0|0|0|-160|0|15143|0|0|0|0|0|0|0|530660|0|0|0|0|0|0|0|0|0|0|0|0|0|0
PAX|20-06-2024|DOM|Sales|NGN|LOS|AEROCC|NG|CALL CENTER|OF|M|ACT|2|20-06-2024|0|0|0|0|0|0|-45238|-45238|0|0|-4262|-60000|0|0|0|0|0|0|0|0|0|0|0|0|109500|0|0|0|0|0|0|0|0|0|0|0|0|0|0|0|0|0|0|0|0|0|0|-45238|-45238|0|0|-4262|-60000|0|0|0|0|0|0|0|0|0|0|0|0|0|0|109500|0|0|0|0|0|0|0|0|0|0|0|0|0|0
PAX|20-06-2024|DOM|Refund|NGN|LOS|LOSTKT|NG|LAGOS TICKETING|OF|A|ACT|8|20-06-2024|20000|0|0|0|0|0|20000|0|0|0|0|0|0|0|0|0|0|0|0|-10000|-10000|0|0|0|0|0|0|0|0|0|0|0|0|0|0|0|0|0|0|0|0|0|0|0|0|0|0|20000|0|0|0|0|0|0|0|0|0|0|0|0|0|0|-10000|-10000|0|0|0|0|0|0|0|0|0|0|0|0|0|0|0|0|0|0
PAX|20-06-2024|DOM|Reissue|NGN|ABV|ABVTKT|NG|ABUJA TICKETING|OF|A|ACT|5|20-06-2024|-7000|0|0|0|0|0|-27666|-20666|0|0|-32034|-240000|0|0|0|0|0|0|0|0|299700|0|0|0|0|0|0|0|0|0|0|0|0|0|0|0|0|0|0|0|0|0|0|0|0|0|0|-27666|-20666|0|0|-32034|-240000|0|0|0|0|0|0|0|0|0|0|299700|0|0|0|0|0|0|0|0|0|0|0|0|0|0|0|0|0|0
PAX|20-06-2024|DOM|Refund|NGN|LOS|AEROCC|NG|CALL CENTER|OF|A|ACT|11|20-06-2024|28000|0|0|0|0|0|41095|13095|0|0|5655|60000|0|0|0|0|0|0|0|-14000|-14000|0|0|0|-78750|0|0|0|0|0|0|0|0|0|0|0|0|0|0|0|0|0|0|0|0|0|0|41095|13095|0|0|5655|60000|0|0|0|0|0|0|0|0|0|-14000|-14000|0|0|0|-78750|0|0|0|0|0|0|0|0|0|0|0|0|0|0
PAX|20-06-2024|DOM|Reissue|NGN|ABV|ABVTKT|NG|ABUJA TICKETING|OF|A|ACT|1|20-06-2024|0|0|0|0|0|0|-8333|-8333|0|-350|-5417|-60000|0|0|0|-5000|0|0|0|0|79100|0|0|0|0|0|0|0|0|0|0|0|0|0|0|0|0|0|0|0|0|0|0|0|0|0|0|-8333|-8333|0|-350|-5417|-60000|0|0|0|-5000|0|0|0|0|0|0|79100|0|0|0|0|0|0|0|0|0|0|0|0|0|0|0|0|0|0
PAX|20-06-2024|DOM|Exchange|NGN|SKO|HEXCEL TRAVELS|NG|HEXCEL TRAVELS|AG|A|ACT|1|20-06-2024|0|0|0|0|0|0|26190|26190|0|0|11310|120000|0|0|0|0|0|0|0|0|-157500|0|0|0|0|0|0|0|0|0|0|0|0|0|0|0|0|-1571|0|0|0|0|0|0|0|0|0|26190|26190|0|0|11310|120000|0|0|0|0|0|0|-1571|0|0|0|-157500|0|0|0|0|0|0|0|0|0|0|0|0|0|0|0|0|0|0
PAX|20-06-2024|DOM|Sales|NGN|ABV|ABVTKT|NG|ABUJA TICKETING|OF|A|ACT|9|20-06-2024|-59200|0|0|-59200|0|0|-171105|-111905|0|0|-15595|-120000|0|0|0|0|0|0|19200|0|0|287500|0|0|0|0|0|0|0|0|0|0|0|0|0|0|0|0|0|0|0|0|0|0|-59200|0|0|-171105|-111905|0|0|-15595|-120000|0|0|0|0|0|0|0|0|19200|0|0|287500|0|0|0|0|0|0|0|0|0|0|0|0|0|0|0|0|0
PAX|20-06-2024|DOM|Reissue|NGN|CBQ|LILY-RAZI TRAVELS|NG|LILY-RAZI TRAVELS AND LOGISTICS|AG|A|ACT|1|20-06-2024|-1000|0|0|0|0|0|-1000|0|0|0|0|0|0|0|0|0|0|0|0|0|1000|0|0|0|0|0|0|0|0|0|0|0|0|0|0|0|0|0|0|0|0|0|0|0|0|0|0|-1000|0|0|0|0|0|0|0|0|0|0|0|0|0|0|0|1000|0|0|0|0|0|0|0|0|0|0|0|0|0|0|0|0|0|0
PAX|20-06-2024|DOM|Exchange|NGN|LOS|LOSTKT|NG|LAGOS TICKETING|OF|A|ACT|3|20-06-2024|0|0|0|0|0|0|52000|52000|0|0|23250|145000|0|0|0|0|0|0|0|0|-220250|0|0|0|0|0|0|0|0|0|0|0|0|0|0|0|0|0|0|0|0|0|0|0|0|0|0|52000|52000|0|0|23250|145000|0|0|0|0|0|0|0|0|0|0|-220250|0|0|0|0|0|0|0|0|0|0|0|0|0|0|0|0|0|0
PAX|20-06-2024|DOM|Sales|NGN|LOS|SATGURU INVESTMENT|NG|SATGURU INVESTMENT NIG. LTD|AG|A|ACT|2|20-06-2024|0|0|0|0|0|0|-72618|-72618|0|0|-18631|-180000|0|0|0|0|0|0|0|0|0|0|0|0|271249|0|0|0|0|0|0|0|0|0|0|0|0|4357|0|0|0|0|0|0|0|0|0|-72618|-72618|0|0|-18631|-180000|0|0|0|0|0|0|4357|0|0|0|0|0|0|0|271249|0|0|0|0|0|0|0|0|0|0|0|0|0|0
PAX|20-06-2024|DOM|Reissue|NGN|LOS|AERO EXECUTIVE DESK |NG|AERO EXECUTIVE DESK USERS|OF|A|ACT|1|20-06-2024|0|0|0|0|0|0|-8333|-8333|0|0|-5417|-60000|0|0|0|0|0|0|0|0|73750|0|0|0|0|0|0|0|0|0|0|0|0|0|0|0|0|0|0|0|0|0|0|0|0|0|0|-8333|-8333|0|0|-5417|-60000|0|0|0|0|0|0|0|0|0|0|73750|0|0|0|0|0|0|0|0|0|0|0|0|0|0|0|0|0|0
PAX|20-06-2024|DOM|Reissue|NGN|LOS|SATGURU INVESTMENT|NG|SATGURU INVESTMENT NIG. LTD|AG|A|ACT|1|20-06-2024|0|0|0|0|0|0|-73810|-73810|0|0|-13691|-120000|0|0|0|0|0|0|0|0|167500|0|0|0|40001|0|0|0|0|0|0|0|0|0|0|0|0|4429|0|0|0|0|0|0|0|0|0|-73810|-73810|0|0|-13691|-120000|0|0|0|0|0|0|4429|0|0|0|167500|0|0|0|40001|0|0|0|0|0|0|0|0|0|0|0|0|0|0
PAX|20-06-2024|DOM|Refund|NGN|CBQ|LILY-RAZI TRAVELS|NG|LILY-RAZI TRAVELS AND LOGISTICS|AG|A|ACT|3|20-06-2024|2000|0|0|0|0|0|2000|0|0|0|0|0|0|0|0|0|0|0|0|-1000|-1000|0|0|0|0|0|0|0|0|0|0|0|0|0|0|0|0|0|0|0|0|0|0|0|0|0|0|2000|0|0|0|0|0|0|0|0|0|0|0|0|0|0|-1000|-1000|0|0|0|0|0|0|0|0|0|0|0|0|0|0|0|0|0|0
PAX|20-06-2024|DOM|Sales|NGN|LOS|LOSTKT|NG|LAGOS TICKETING|OF|A|ACT|6|20-06-2024|0|0|0|0|0|0|-259404|-259404|60357|0|-41959|-240000|0|0|0|0|-160|0|0|0|0|481166|0|0|0|0|0|0|0|0|0|0|0|0|0|0|0|0|0|0|0|0|0|0|0|0|0|-259404|-259404|60357|0|-41959|-240000|0|0|0|0|-160|0|0|0|0|0|0|481166|0|0|0|0|0|0|0|0|0|0|0|0|0|0|0|0|0
PAX|20-06-2024|DOM|Exchange|NGN|CBQ|CBQTKT|NG|CALABAR TICKETING|OF|A|ACT|1|20-06-2024|0|0|0|0|0|0|32143|32143|0|350|6607|60000|0|0|0|0|0|0|0|0|-99100|0|0|0|0|0|0|0|0|0|0|0|0|0|0|0|0|0|0|0|0|0|0|0|0|0|0|32143|32143|0|350|6607|60000|0|0|0|0|0|0|0|0|0|0|-99100|0|0|0|0|0|0|0|0|0|0|0|0|0|0|0|0|0|0
PAX|20-06-2024|DOM|Refund|NGN|LOS|AEROCC|NG|CALL CENTER|OF|A|ACT|2|20-06-2024|12000|0|0|0|0|0|12000|0|0|0|0|0|0|0|0|0|0|0|0|0|-6000|0|0|0|-6000|0|0|0|0|0|0|0|0|0|0|0|0|0|0|0|0|0|0|0|0|0|0|12000|0|0|0|0|0|0|0|0|0|0|0|0|0|0|0|-6000|0|0|0|-6000|0|0|0|0|0|0|0|0|0|0|0|0|0|0
PAX|20-06-2024|DOM|Exchange|NGN|LOS|AEROCC|NG|CALL CENTER|OF|A|ACT|16|20-06-2024|0|0|0|0|0|0|281295|281295|0|3150|147566|1200000|0|0|0|0|0|0|0|0|-1632011|0|0|0|0|0|0|0|0|0|0|0|0|0|0|0|0|-2548|0|0|0|0|0|0|0|0|0|281295|281295|0|3150|147566|1200000|0|0|0|0|0|0|-2548|0|0|0|-1632011|0|0|0|0|0|0|0|0|0|0|0|0|0|0|0|0|0|0
PAX|20-06-2024|DOM|Sales|NGN|LOS|WAKANOW OTA|NG|WAKANOW COMPANY LIMITED|AG|A|ACT|1|20-06-2024|0|0|0|0|0|0|-8333|-8333|0|0|-5417|-60000|0|0|0|0|0|0|0|0|0|0|0|0|73750|0|0|0|0|0|0|0|0|0|0|0|0|500|0|0|0|0|0|0|0|0|0|-8333|-8333|0|0|-5417|-60000|0|0|0|0|0|0|500|0|0|0|0|0|0|0|73750|0|0|0|0|0|0|0|0|0|0|0|0|0|0
PAX|20-06-2024|DOM|Sales|NGN|LOS|AEROCC|NG|CALL CENTER|OF|A|ACT|20|20-06-2024|-15000|0|0|0|0|0|-268569|-253569|0|0|-83680|-720000|0|0|0|0|-960|0|0|0|0|0|0|0|1073209|0|0|0|0|0|0|0|0|0|0|0|0|0|0|0|0|0|0|0|0|0|0|-268569|-253569|0|0|-83680|-720000|0|0|0|0|-960|0|0|0|0|0|0|0|0|0|1073209|0|0|0|0|0|0|0|0|0|0|0|0|0|0
PAX|20-06-2024|DOM|Sales|NGN|LOS|LOSTKT|NG|LAGOS TICKETING|OF|A|ACT|7|20-06-2024|0|0|0|0|0|0|-511429|-511429|0|0|-98571|-480000|0|0|0|0|0|0|0|0|0|1090000|0|0|0|0|0|0|0|0|0|0|0|0|0|0|0|0|0|0|0|0|0|0|0|0|0|-511429|-511429|0|0|-98571|-480000|0|0|0|0|0|0|0|0|0|0|0|1090000|0|0|0|0|0|0|0|0|0|0|0|0|0|0|0|0|0
PAX|20-06-2024|DOM|Reissue|NGN|YOL|H.A.M TRAVELS |NG|H.A.M TRAVELS NIG. LTD|AG|A|ACT|2|20-06-2024|0|0|0|0|0|0|-64285|-64285|0|-700|-13215|-120000|0|0|0|-10000|0|0|0|0|168200|0|0|0|40000|0|0|0|0|0|0|0|0|0|0|0|0|3857|0|0|0|0|0|0|0|0|0|-64285|-64285|0|-700|-13215|-120000|0|0|0|-10000|0|0|3857|0|0|0|168200|0|0|0|40000|0|0|0|0|0|0|0|0|0|0|0|0|0|0
PAX|20-06-2024|DOM|Sales|NGN|CBQ|LILY-RAZI TRAVELS|NG|LILY-RAZI TRAVELS AND LOGISTICS|AG|A|ACT|32|20-06-2024|0|0|0|0|0|0|-616661|-616661|0|0|-228340|-2040000|0|0|0|0|-800|0|0|0|0|0|0|0|2885801|0|0|0|0|0|0|0|0|0|0|0|0|36999|0|0|0|0|0|0|0|0|0|-616661|-616661|0|0|-228340|-2040000|0|0|0|0|-800|0|36999|0|0|0|0|0|0|0|2885801|0|0|0|0|0|0|0|0|0|0|0|0|0|0
PAX|20-06-2024|DOM|Sales|NGN|LOS|Rafi Consol|NG|Rafi Consolidated Services Limited|AG|A|ACT|3|20-06-2024|-3000|0|0|0|0|0|-5000|-2000|0|0|-5100|-60000|0|0|0|0|-160|0|0|0|0|0|0|0|70260|0|0|0|0|0|0|0|0|0|0|0|0|120|0|0|0|0|0|0|0|0|0|-5000|-2000|0|0|-5100|-60000|0|0|0|0|-160|0|120|0|0|0|0|0|0|0|70260|0|0|0|0|0|0|0|0|0|0|0|0|0|0
PAX|20-06-2024|DOM|Refund|NGN|ABV|ABVTKT|NG|ABUJA TICKETING|OF|A|ACT|2|20-06-2024|6000|0|0|0|0|0|6000|0|0|0|0|0|0|0|0|0|0|0|0|-3000|-3000|0|0|0|0|0|0|0|0|0|0|0|0|0|0|0|0|0|0|0|0|0|0|0|0|0|0|6000|0|0|0|0|0|0|0|0|0|0|0|0|0|0|-3000|-3000|0|0|0|0|0|0|0|0|0|0|0|0|0|0|0|0|0|0
PAX|20-06-2024|DOM|Sales|NGN|LOS|AEROCC|NG|CALL CENTER|OF|A|ACT|2|20-06-2024|0|0|0|0|0|0|-54762|-54762|0|0|-23738|-120000|0|0|0|0|0|0|0|0|0|0|0|0|198500|0|0|0|0|0|0|0|0|0|0|0|0|0|0|0|0|0|0|0|0|0|0|-54762|-54762|0|0|-23738|-120000|0|0|0|0|0|0|0|0|0|0|0|0|0|0|198500|0|0|0|0|0|0|0|0|0|0|0|0|0|0
PAX|20-06-2024|DOM|Sales|NGN|LOS|AEROCC|NG|CALL CENTER|OF|A|ACT|28|20-06-2024|-24000|0|0|0|0|0|-441438|-417438|0|0|-98553|-780000|0|0|0|0|-1280|0|0|0|0|0|0|0|1321271|0|0|0|0|0|0|0|0|0|0|0|0|0|0|0|0|0|0|0|0|0|0|-441438|-417438|0|0|-98553|-780000|0|0|0|0|-1280|0|0|0|0|0|0|0|0|0|1321271|0|0|0|0|0|0|0|0|0|0|0|0|0|0
PAX|20-06-2024|DOM|Refund|NGN|ABV|ABVTKT|NG|ABUJA TICKETING|OF|A|ACT|6|20-06-2024|14000|0|0|0|0|0|14000|0|0|0|0|0|0|0|0|0|0|0|0|-4000|-7000|-3000|0|0|0|0|0|0|0|0|0|0|0|0|0|0|0|0|0|0|0|0|0|0|0|0|0|14000|0|0|0|0|0|0|0|0|0|0|0|0|0|0|-4000|-7000|-3000|0|0|0|0|0|0|0|0|0|0|0|0|0|0|0|0|0
PAX|20-06-2024|DOM|Exchange|NGN|PHG|PHCTKT|NG|PORTHARCOURT TICKETING|OF|A|ACT|13|20-06-2024|0|0|0|0|0|0|456379|456379|0|2100|103821|840000|0|0|0|0|0|0|0|0|-1402300|0|0|0|0|0|0|0|0|0|0|0|0|0|0|0|0|0|0|0|0|0|0|0|0|0|0|456379|456379|0|2100|103821|840000|0|0|0|0|0|0|0|0|0|0|-1402300|0|0|0|0|0|0|0|0|0|0|0|0|0|0|0|0|0|0
PAX|20-06-2024|DOM|Sales|NGN|ABV|DE PREFERRED S PRING|NG|DE PREFERRED SPRING TRAVELS LTD|AG|A|ACT|2|20-06-2024|0|0|0|0|0|0|-16666|-16666|0|0|-10833|-120000|0|0|0|0|-160|0|0|0|0|0|0|0|147659|0|0|0|0|0|0|0|0|0|0|0|0|1000|0|0|0|0|0|0|0|0|0|-16666|-16666|0|0|-10833|-120000|0|0|0|0|-160|0|1000|0|0|0|0|0|0|0|147659|0|0|0|0|0|0|0|0|0|0|0|0|0|0
PAX|20-06-2024|DOM|Refund|NGN|ABV|ABVTKT|NG|ABUJA TICKETING|OF|A|ACT|5|20-06-2024|4000|0|0|0|0|0|4000|0|0|0|0|0|0|0|0|0|0|0|0|-2000|-2000|0|0|0|0|0|0|0|0|0|0|0|0|0|0|0|0|0|0|0|0|0|0|0|0|0|0|4000|0|0|0|0|0|0|0|0|0|0|0|0|0|0|-2000|-2000|0|0|0|0|0|0|0|0|0|0|0|0|0|0|0|0|0|0
PAX|20-06-2024|DOM|Sales|NGN|LOS|LOSTKT|NG|LAGOS TICKETING|OF|A|ACT|1|20-06-2024|0|0|0|0|0|0|-70238|-70238|0|0|-14012|-60000|0|0|0|0|0|0|0|0|0|144250|0|0|0|0|0|0|0|0|0|0|0|0|0|0|0|0|0|0|0|0|0|0|0|0|0|-70238|-70238|0|0|-14012|-60000|0|0|0|0|0|0|0|0|0|0|0|144250|0|0|0|0|0|0|0|0|0|0|0|0|0|0|0|0|0
PAX|20-06-2024|DOM|Refund|NGN|PHG|PHCTKT|NG|PORTHARCOURT TICKETING|OF|A|ACT|2|20-06-2024|6000|0|0|0|0|0|6000|0|0|0|0|0|0|0|0|0|0|0|0|-3000|-3000|0|0|0|0|0|0|0|0|0|0|0|0|0|0|0|0|0|0|0|0|0|0|0|0|0|0|6000|0|0|0|0|0|0|0|0|0|0|0|0|0|0|-3000|-3000|0|0|0|0|0|0|0|0|0|0|0|0|0|0|0|0|0|0
PAX|20-06-2024|DOM|Refund|NGN|LOS|AEROCC|NG|CALL CENTER|OF|A|ACT|10|20-06-2024|3000|0|0|0|0|0|143951|140951|0|1750|71748|634000|0|0|0|0|0|0|0|-587249|0|0|0|0|-264200|0|0|0|0|0|0|0|0|0|0|0|0|0|0|0|0|0|0|0|0|0|0|143951|140951|0|1750|71748|634000|0|0|0|0|0|0|0|0|0|-587249|0|0|0|0|-264200|0|0|0|0|0|0|0|0|0|0|0|0|0|0
PAX|20-06-2024|DOM|Reissue|NGN|BNI|BNITKT|NG|BENIN TICKETING|OF|A|ACT|1|20-06-2024|0|0|0|0|0|0|-41667|-41667|0|-350|-7083|-60000|0|0|0|-5000|0|0|0|0|84600|29500|0|0|0|0|0|0|0|0|0|0|0|0|0|0|0|0|0|0|0|0|0|0|0|0|0|-41667|-41667|0|-350|-7083|-60000|0|0|0|-5000|0|0|0|0|0|0|84600|29500|0|0|0|0|0|0|0|0|0|0|0|0|0|0|0|0|0
PAX|20-06-2024|DOM|Reissue|NGN|LOS|AERO EXECUTIVE DESK |NG|AERO EXECUTIVE DESK USERS|OF|A|ACT|4|20-06-2024|0|0|0|0|0|0|-111625|-111625|0|0|-45286|-360000|0|0|0|0|0|0|0|0|516911|0|0|0|0|0|0|0|0|0|0|0|0|0|0|0|0|3126|0|0|0|0|0|0|0|0|0|-111625|-111625|0|0|-45286|-360000|0|0|0|0|0|0|3126|0|0|0|516911|0|0|0|0|0|0|0|0|0|0|0|0|0|0|0|0|0|0
PAX|20-06-2024|DOM|Sales|NGN|PHC|NODAMEC TRAVELS|NG|NODAMEC TRAVELS & TOURS|AG|A|ACT|1|20-06-2024|0|0|0|0|0|0|-60714|-60714|0|0|-8036|-60000|0|0|0|0|0|0|0|0|0|0|0|0|128750|0|0|0|0|0|0|0|0|0|0|0|0|3643|0|0|0|0|0|0|0|0|0|-60714|-60714|0|0|-8036|-60000|0|0|0|0|0|0|3643|0|0|0|0|0|0|0|128750|0|0|0|0|0|0|0|0|0|0|0|0|0|0
PAX|20-06-2024|DOM|Sales|NGN|LOS|SUPER INTL. TRAVELS |NG|SUPER INTL. TRAVELS LTD|AG|A|ACT|1|20-06-2024|0|0|0|0|0|0|-27381|-27381|0|0|-11869|-60000|0|0|0|0|0|0|0|0|0|0|0|0|99250|0|0|0|0|0|0|0|0|0|0|0|0|1643|0|0|0|0|0|0|0|0|0|-27381|-27381|0|0|-11869|-60000|0|0|0|0|0|0|1643|0|0|0|0|0|0|0|99250|0|0|0|0|0|0|0|0|0|0|0|0|0|0
PAX|20-06-2024|DOM|Reissue|NGN|KAN|KANTKT|NG|KANO TICKETING|OF|A|ACT|4|20-06-2024|0|0|0|0|0|0|-66666|-66666|0|0|-24286|-230000|0|0|0|0|0|0|0|0|310583|10369|0|0|0|0|0|0|0|0|0|0|0|0|0|0|0|0|0|0|0|0|0|0|0|0|0|-66666|-66666|0|0|-24286|-230000|0|0|0|0|0|0|0|0|0|0|310583|10369|0|0|0|0|0|0|0|0|0|0|0|0|0|0|0|0|0
PAX|20-06-2024|DOM|Sales|NGN|CBQ|LILY-RAZI TRAVELS|NG|LILY-RAZI TRAVELS AND LOGISTICS|AG|A|ACT|1|20-06-2024|0|0|0|0|0|0|-32143|-32143|0|0|-6607|-60000|0|0|0|0|0|0|0|0|0|0|0|0|98750|0|0|0|0|0|0|0|0|0|0|0|0|1929|0|0|0|0|0|0|0|0|0|-32143|-32143|0|0|-6607|-60000|0|0|0|0|0|0|1929|0|0|0|0|0|0|0|98750|0|0|0|0|0|0|0|0|0|0|0|0|0|0
PAX|20-06-2024|DOM|Reissue|NGN|LOS|AEROCC|NG|CALL CENTER|OF|A|ACT|2|20-06-2024|-6000|0|0|0|0|0|-32190|-26190|0|-350|-26810|-240000|0|0|0|0|0|0|0|0|299350|0|0|0|0|0|0|0|0|0|0|0|0|0|0|0|0|0|0|0|0|0|0|0|0|0|0|-32190|-26190|0|-350|-26810|-240000|0|0|0|0|0|0|0|0|0|0|299350|0|0|0|0|0|0|0|0|0|0|0|0|0|0|0|0|0|0
PAX|20-06-2024|DOM|Exchange|NGN|KAN|KANTKT|NG|KANO TICKETING|OF|A|ACT|4|20-06-2024|0|0|0|0|0|0|57142|57142|0|0|23441|230000|0|0|0|0|0|0|0|0|-310583|0|0|0|0|0|0|0|0|0|0|0|0|0|0|0|0|0|0|0|0|0|0|0|0|0|0|57142|57142|0|0|23441|230000|0|0|0|0|0|0|0|0|0|0|-310583|0|0|0|0|0|0|0|0|0|0|0|0|0|0|0|0|0|0
PAX|20-06-2024|DOM|Reissue|NGN|IN|B2C|IN|B2C|IN|A|ACT|42|20-06-2024|-36000|0|0|0|0|0|-1338712|-1302712|0|-17500|-306137|-2100000|0|0|0|-15000|0|0|0|460801|3316548|0|0|0|0|0|0|0|0|0|0|0|0|0|0|0|0|0|0|0|0|0|0|0|0|0|0|-1338712|-1302712|0|-17500|-306137|-2100000|0|0|0|-15000|0|0|0|0|0|460801|3316548|0|0|0|0|0|0|0|0|0|0|0|0|0|0|0|0|0|0
PAX|20-06-2024|DOM|Exchange|NGN|YOL|LEDONS GLOBAL |NG|LEDONS GLOBAL VENTURES|AG|A|ACT|1|20-06-2024|0|0|0|0|0|0|22619|22619|0|350|5631|50000|0|0|0|0|0|0|0|0|-78600|0|0|0|0|0|0|0|0|0|0|0|0|0|0|0|0|0|0|0|0|0|0|0|0|0|0|22619|22619|0|350|5631|50000|0|0|0|0|0|0|0|0|0|0|-78600|0|0|0|0|0|0|0|0|0|0|0|0|0|0|0|0|0|0
PAX|20-06-2024|DOM|Refund|NGN|LOS|LOSTKT|NG|LAGOS TICKETING|OF|A|ACT|2|20-06-2024|6000|0|0|0|0|0|6000|0|0|0|0|0|0|0|0|0|0|0|0|-3000|-3000|0|0|0|0|0|0|0|0|0|0|0|0|0|0|0|0|0|0|0|0|0|0|0|0|0|0|6000|0|0|0|0|0|0|0|0|0|0|0|0|0|0|-3000|-3000|0|0|0|0|0|0|0|0|0|0|0|0|0|0|0|0|0|0
PAX|20-06-2024|DOM|Reissue|NGN|SKO|SKOTKT|NG|SOKOTO TICKETING|OF|A|ACT|3|20-06-2024|0|0|0|0|0|0|-115476|-115476|0|-350|-35643|-240000|0|0|0|-5000|0|0|0|0|364319|32150|0|0|0|0|0|0|0|0|0|0|0|0|0|0|0|0|0|0|0|0|0|0|0|0|0|-115476|-115476|0|-350|-35643|-240000|0|0|0|-5000|0|0|0|0|0|0|364319|32150|0|0|0|0|0|0|0|0|0|0|0|0|0|0|0|0|0
PAX|20-06-2024|DOM|Exchange|NGN|LOS|AEROCC|NG|CALL CENTER|OF|A|ACT|11|20-06-2024|0|0|0|0|0|0|110486|110486|0|2100|76527|720000|0|0|0|0|0|0|0|0|-909113|0|0|0|0|0|0|0|0|0|0|0|0|0|0|0|0|0|0|0|0|0|0|0|0|0|0|110486|110486|0|2100|76527|720000|0|0|0|0|0|0|0|0|0|0|-909113|0|0|0|0|0|0|0|0|0|0|0|0|0|0|0|0|0|0
PAX|20-06-2024|DOM|Sales|NGN|SKO|HEXCEL TRAVELS|NG|HEXCEL TRAVELS|AG|A|ACT|3|20-06-2024|0|0|0|0|0|0|-40476|-40476|0|0|-12024|-120000|0|0|0|0|-160|0|0|0|0|0|0|0|172660|0|0|0|0|0|0|0|0|0|0|0|0|2428|0|0|0|0|0|0|0|0|0|-40476|-40476|0|0|-12024|-120000|0|0|0|0|-160|0|2428|0|0|0|0|0|0|0|172660|0|0|0|0|0|0|0|0|0|0|0|0|0|0
PAX|20-06-2024|DOM|Exchange|NGN|ABV|ABVTKT|NG|ABUJA TICKETING|OF|A|ACT|1|20-06-2024|0|0|0|0|0|0|46429|46429|0|350|5571|25000|0|0|0|0|0|0|0|0|-77350|0|0|0|0|0|0|0|0|0|0|0|0|0|0|0|0|0|0|0|0|0|0|0|0|0|0|46429|46429|0|350|5571|25000|0|0|0|0|0|0|0|0|0|0|-77350|0|0|0|0|0|0|0|0|0|0|0|0|0|0|0|0|0|0
PAX|20-06-2024|DOM|Refund|NGN|LOS|AERO EXECUTIVE DESK |NG|AERO EXECUTIVE DESK USERS|OF|A|ACT|27|20-06-2024|3000|0|0|0|0|0|408994|405994|0|0|199043|1740000|0|0|0|-3654.75|0|0|0|0|0|0|0|0|-2344382.25|0|0|0|0|0|0|0|0|0|0|0|0|-19647|0|0|0|0|0|0|0|0|0|408994|405994|0|0|199043|1740000|0|0|0|-3654.75|0|0|-19647|0|0|0|0|0|0|0|-2344382.25|0|0|0|0|0|0|0|0|0|0|0|0|0|0
PAX|20-06-2024|DOM|Refund|NGN|LOS|AEROCC|NG|CALL CENTER|OF|A|ACT|2|20-06-2024|5500|0|0|0|0|0|5500|0|0|0|0|0|0|0|0|0|0|0|0|-5500|0|0|0|0|0|0|0|0|0|0|0|0|0|0|0|0|0|0|0|0|0|0|0|0|0|0|0|5500|0|0|0|0|0|0|0|0|0|0|0|0|0|0|-5500|0|0|0|0|0|0|0|0|0|0|0|0|0|0|0|0|0|0|0
PAX|20-06-2024|DOM|Refund|NGN|LOS|RISING SUN TOUR |NG|RISING SUN TOUR LOGISTICS LTD|AG|A|ACT|1|20-06-2024|0|0|0|0|0|0|17857|17857|0|0|9786|60000|0|0|0|-8356.85|0|0|0|0|0|0|0|0|-79286.15|0|0|0|0|0|0|0|0|0|0|0|0|-1071|0|0|0|0|0|0|0|0|0|17857|17857|0|0|9786|60000|0|0|0|-8356.85|0|0|-1071|0|0|0|0|0|0|0|-79286.15|0|0|0|0|0|0|0|0|0|0|0|0|0|0
PAX|20-06-2024|DOM|Sales|NGN|IN|B2C|IN|B2C|IN|A|ACT|982|20-06-2024|-633000|0|0|0|0|0|-19335085|-18702085|0|-136500|-4392497|-32612000|0|0|0|0|-49440|0|0|56525522|0|0|0|0|0|0|0|0|0|0|0|0|0|0|0|0|0|0|0|0|0|0|0|0|0|0|0|-19335085|-18702085|0|-136500|-4392497|-32612000|0|0|0|0|-49440|0|0|0|0|56525522|0|0|0|0|0|0|0|0|0|0|0|0|0|0|0|0|0|0|0
PAX|20-06-2024|DOM|Reissue|NGN|LOS|LOSTKT|NG|LAGOS TICKETING|OF|A|ACT|3|20-06-2024|-3000|0|0|0|0|0|-54072|-51072|0|-350|-7553|-60000|0|0|0|0|0|0|0|0|105475|16500|0|0|0|0|0|0|0|0|0|0|0|0|0|0|0|0|0|0|0|0|0|0|0|0|0|-54072|-51072|0|-350|-7553|-60000|0|0|0|0|0|0|0|0|0|0|105475|16500|0|0|0|0|0|0|0|0|0|0|0|0|0|0|0|0|0
PAX|20-06-2024|DOM|Exchange|NGN|LOS|GODLINK LOGISTICS|NG|GODLINK LOGISTICS|AG|A|ACT|1|20-06-2024|0|0|0|0|0|0|2000|2000|0|0|10600|60000|0|0|0|0|0|0|0|0|-72600|0|0|0|0|0|0|0|0|0|0|0|0|0|0|0|0|0|0|0|0|0|0|0|0|0|0|2000|2000|0|0|10600|60000|0|0|0|0|0|0|0|0|0|0|-72600|0|0|0|0|0|0|0|0|0|0|0|0|0|0|0|0|0|0
PAX|20-06-2024|DOM|Sales|NGN|ABV|TDIS|NG|TDIS LOGISTICS LTD|AG|A|ACT|15|20-06-2024|-3000|0|0|0|0|0|-417821|-414821|0|0|-87242|-600000|0|0|0|0|-800|0|0|0|0|0|0|0|1105863|0|0|0|0|0|0|0|0|0|0|0|0|24888|0|0|0|0|0|0|0|0|0|-417821|-414821|0|0|-87242|-600000|0|0|0|0|-800|0|24888|0|0|0|0|0|0|0|1105863|0|0|0|0|0|0|0|0|0|0|0|0|0|0
PAX|20-06-2024|DOM|Exchange|NGN|YOL|YOLTKT|NG|YOLA TICKETING|OF|A|ACT|1|20-06-2024|0|0|0|0|0|0|70238|70238|0|350|8512|60000|0|0|0|0|0|0|0|0|-139100|0|0|0|0|0|0|0|0|0|0|0|0|0|0|0|0|0|0|0|0|0|0|0|0|0|0|70238|70238|0|350|8512|60000|0|0|0|0|0|0|0|0|0|0|-139100|0|0|0|0|0|0|0|0|0|0|0|0|0|0|0|0|0|0
PAX|20-06-2024|DOM|Reissue|NGN|ABB|ABBTKT|NG|ASABA TICKETING|OF|A|ACT|5|20-06-2024|0|0|0|0|0|0|-165475|-165475|0|-350|-49775|-300000|0|0|0|-10000|0|0|0|0|495600|30000|0|0|0|0|0|0|0|0|0|0|0|0|0|0|0|0|0|0|0|0|0|0|0|0|0|-165475|-165475|0|-350|-49775|-300000|0|0|0|-10000|0|0|0|0|0|0|495600|30000|0|0|0|0|0|0|0|0|0|0|0|0|0|0|0|0|0
PAX|20-06-2024|DOM|Sales|NGN|ABV|A.B.I AIR TRAVELS|NG|A.B.I AIR TRAVELS|AG|A|ACT|1|20-06-2024|0|0|0|0|0|0|-70238|-70238|0|0|-8512|-60000|0|0|0|0|0|0|0|0|0|0|0|0|138750|0|0|0|0|0|0|0|0|0|0|0|0|4214|0|0|0|0|0|0|0|0|0|-70238|-70238|0|0|-8512|-60000|0|0|0|0|0|0|4214|0|0|0|0|0|0|0|138750|0|0|0|0|0|0|0|0|0|0|0|0|0|0
PAX|20-06-2024|DOM|Reissue|NGN|LOS|AEROCC|NG|CALL CENTER|OF|A|ACT|15|20-06-2024|0|0|0|0|0|0|-296772|-296772|0|-3150|-143339|-1140000|0|0|0|0|0|0|0|0|1543261|0|0|0|40000|0|0|0|0|0|0|0|0|0|0|0|0|1191|0|0|0|0|0|0|0|0|0|-296772|-296772|0|-3150|-143339|-1140000|0|0|0|0|0|0|1191|0|0|0|1543261|0|0|0|40000|0|0|0|0|0|0|0|0|0|0|0|0|0|0
PAX|20-06-2024|DOM|Exchange|NGN|LOS|LOSTKT|NG|LAGOS TICKETING|OF|A|ACT|21|20-06-2024|0|0|0|0|0|0|210480|210480|0|2800|180943|1188000|0|0|0|0|0|0|0|0|-1582223|0|0|0|0|0|0|0|0|0|0|0|0|0|0|0|0|-786|0|0|0|0|0|0|0|0|0|210480|210480|0|2800|180943|1188000|0|0|0|0|0|0|-786|0|0|0|-1582223|0|0|0|0|0|0|0|0|0|0|0|0|0|0|0|0|0|0
PAX|20-06-2024|DOM|Refund|NGN|LOS|VALTHEBEST LOGISTICS|NG|VALTHEBEST LOGISTICS SERVICES|AG|A|ACT|6|20-06-2024|0|0|0|0|0|0|457619|457619|0|0|52881|360000|0|0|0|-114407|0|0|0|0|0|0|0|0|-756093|0|0|0|0|0|0|0|0|0|0|0|0|-27456|0|0|0|0|0|0|0|0|0|457619|457619|0|0|52881|360000|0|0|0|-114407|0|0|-27456|0|0|0|0|0|0|0|-756093|0|0|0|0|0|0|0|0|0|0|0|0|0|0
PAX|20-06-2024|DOM|Reissue|NGN|LOS|DHARR TRAVELS AND LO|NG|DHARR TRAVELS AND LOGISTICS LIMITED|AG|A|ACT|1|20-06-2024|0|0|0|0|0|0|-70238|-70238|0|0|-14012|-60000|0|0|0|0|0|0|0|0|144250|0|0|0|0|0|0|0|0|0|0|0|0|0|0|0|0|4214|0|0|0|0|0|0|0|0|0|-70238|-70238|0|0|-14012|-60000|0|0|0|0|0|0|4214|0|0|0|144250|0|0|0|0|0|0|0|0|0|0|0|0|0|0|0|0|0|0
PAX|20-06-2024|DOM|Reissue|NGN|LOS|AEROCC|NG|CALL CENTER|OF|A|ACT|4|20-06-2024|-9000|0|0|0|0|0|-9000|0|0|0|0|0|0|0|0|0|0|0|0|0|9000|0|0|0|0|0|0|0|0|0|0|0|0|0|0|0|0|0|0|0|0|0|0|0|0|0|0|-9000|0|0|0|0|0|0|0|0|0|0|0|0|0|0|0|9000|0|0|0|0|0|0|0|0|0|0|0|0|0|0|0|0|0|0
PAX|20-06-2024|DOM|Reissue|NGN|LOS|AEROCC|NG|CALL CENTER|OF|A|ACT|4|20-06-2024|0|0|0|0|0|0|-82952|-82952|0|-700|-62548|-420000|0|0|0|0|0|0|0|0|566200|0|0|0|0|0|0|0|0|0|0|0|0|0|0|0|0|0|0|0|0|0|0|0|0|0|0|-82952|-82952|0|-700|-62548|-420000|0|0|0|0|0|0|0|0|0|0|566200|0|0|0|0|0|0|0|0|0|0|0|0|0|0|0|0|0|0
PAX|20-06-2024|DOM|Sales|NGN|YOL|H.A.M TRAVELS |NG|H.A.M TRAVELS NIG. LTD|AG|A|ACT|8|20-06-2024|0|0|0|0|0|0|-238095|-238095|0|0|-57405|-480000|0|0|0|0|0|0|0|0|0|0|0|0|775500|0|0|0|0|0|0|0|0|0|0|0|0|14283|0|0|0|0|0|0|0|0|0|-238095|-238095|0|0|-57405|-480000|0|0|0|0|0|0|14283|0|0|0|0|0|0|0|775500|0|0|0|0|0|0|0|0|0|0|0|0|0|0
PAX|20-06-2024|DOM|Sales|NGN|IN|BANKS|IN|PAYMENT INTEGRATIONS|IN|A|ACT|6|20-06-2024|-3000|0|0|0|0|0|-74726|-71726|0|0|-18586|-180000|0|0|0|0|-320|0|0|0|0|0|0|0|0|0|0|0|0|273632|0|0|0|0|0|0|0|0|0|0|0|0|0|0|0|0|0|-74726|-71726|0|0|-18586|-180000|0|0|0|0|-320|0|0|0|0|0|0|0|0|0|0|0|0|0|0|273632|0|0|0|0|0|0|0|0|0
PAX|20-06-2024|DOM|Reissue|NGN|CBQ|CBQTKT|NG|CALABAR TICKETING|OF|A|ACT|1|20-06-2024|-3000|0|0|0|0|0|-3000|0|0|0|0|0|0|0|0|0|0|0|0|0|3000|0|0|0|0|0|0|0|0|0|0|0|0|0|0|0|0|0|0|0|0|0|0|0|0|0|0|-3000|0|0|0|0|0|0|0|0|0|0|0|0|0|0|0|3000|0|0|0|0|0|0|0|0|0|0|0|0|0|0|0|0|0|0
PAX|20-06-2024|DOM|Refund|NGN|LOS|AEROCC|NG|CALL CENTER|OF|A|ACT|2|20-06-2024|6000|0|0|0|0|0|6000|0|0|0|0|0|0|0|0|0|0|0|0|-3000|-3000|0|0|0|0|0|0|0|0|0|0|0|0|0|0|0|0|0|0|0|0|0|0|0|0|0|0|6000|0|0|0|0|0|0|0|0|0|0|0|0|0|0|-3000|-3000|0|0|0|0|0|0|0|0|0|0|0|0|0|0|0|0|0|0
PAX|20-06-2024|DOM|Sales|NGN|LOS|BON VOYAGE TRAVEL|NG|BON VOYAGE TRAVEL|AG|A|ACT|2|20-06-2024|0|0|0|0|0|0|-121428|-121428|0|0|-16072|-120000|0|0|0|0|0|0|0|0|0|0|0|0|257500|0|0|0|0|0|0|0|0|0|0|0|0|7286|0|0|0|0|0|0|0|0|0|-121428|-121428|0|0|-16072|-120000|0|0|0|0|0|0|7286|0|0|0|0|0|0|0|257500|0|0|0|0|0|0|0|0|0|0|0|0|0|0
PAX|20-06-2024|DOM|Exchange|NGN|LOS|AEROCC|NG|CALL CENTER|OF|A|ACT|1|20-06-2024|0|0|0|0|0|0|22619|22619|0|350|11631|60000|0|0|0|0|0|0|0|0|-94600|0|0|0|0|0|0|0|0|0|0|0|0|0|0|0|0|0|0|0|0|0|0|0|0|0|0|22619|22619|0|350|11631|60000|0|0|0|0|0|0|0|0|0|0|-94600|0|0|0|0|0|0|0|0|0|0|0|0|0|0|0|0|0|0
PAX|20-06-2024|DOM|Sales|NGN|PHC|GLOW|NG|GLOW TRAVEL AND TOURS|AG|A|ACT|1|20-06-2024|0|0|0|0|0|0|-32143|-32143|0|0|-6607|-60000|0|0|0|0|0|0|0|0|0|0|0|0|98750|0|0|0|0|0|0|0|0|0|0|0|0|1929|0|0|0|0|0|0|0|0|0|-32143|-32143|0|0|-6607|-60000|0|0|0|0|0|0|1929|0|0|0|0|0|0|0|98750|0|0|0|0|0|0|0|0|0|0|0|0|0|0
PAX|20-06-2024|DOM|Refund|NGN|SKO|SKOTKT|NG|SOKOTO TICKETING|OF|A|ACT|2|20-06-2024|6000|0|0|0|0|0|6000|0|0|0|0|0|0|0|0|0|0|0|0|-3000|-3000|0|0|0|0|0|0|0|0|0|0|0|0|0|0|0|0|0|0|0|0|0|0|0|0|0|0|6000|0|0|0|0|0|0|0|0|0|0|0|0|0|0|-3000|-3000|0|0|0|0|0|0|0|0|0|0|0|0|0|0|0|0|0|0
PAX|20-06-2024|DOM|Reissue|NGN|ABV|ABVTKT|NG|ABUJA TICKETING|OF|A|ACT|4|20-06-2024|0|0|0|0|0|0|-188571|-188571|0|-1750|-43251|-240000|0|0|0|-10000|0|0|0|0|433072|50500|0|0|0|0|0|0|0|0|0|0|0|0|0|0|0|0|0|0|0|0|0|0|0|0|0|-188571|-188571|0|-1750|-43251|-240000|0|0|0|-10000|0|0|0|0|0|0|433072|50500|0|0|0|0|0|0|0|0|0|0|0|0|0|0|0|0|0
PAX|20-06-2024|DOM|Sales|NGN|SKO|SKOTKT|NG|SOKOTO TICKETING|OF|A|ACT|11|20-06-2024|-5600|0|0|-5600|0|0|-388945|-383345|0|0|-69168|-600000|0|0|0|0|-320|0|0|0|0|1058433|0|0|0|0|0|0|0|0|0|0|0|0|0|0|0|0|0|0|0|0|0|0|-5600|0|0|-388945|-383345|0|0|-69168|-600000|0|0|0|0|-320|0|0|0|0|0|0|1058433|0|0|0|0|0|0|0|0|0|0|0|0|0|0|0|0|0
PAX|20-06-2024|DOM|Sales|NGN|LOS|LOSTKT|NG|LAGOS TICKETING|OF|A|ACT|14|20-06-2024|-148000|0|0|-148000|0|0|-193238|-45238|0|0|-17762|-120000|0|0|0|0|0|0|22400|0|0|308600|0|0|0|0|0|0|0|0|0|0|0|0|0|0|0|0|0|0|0|0|0|0|-148000|0|0|-193238|-45238|0|0|-17762|-120000|0|0|0|0|0|0|0|0|22400|0|0|308600|0|0|0|0|0|0|0|0|0|0|0|0|0|0|0|0|0
PAX|20-06-2024|DOM|Sales|NGN|ABV|TDIS|NG|TDIS LOGISTICS LTD|AG|A|ACT|3|20-06-2024|0|0|0|0|0|0|-35714|-35714|0|0|-11786|-120000|0|0|0|0|-160|0|0|0|0|0|0|0|167660|0|0|0|0|0|0|0|0|0|0|0|0|2143|0|0|0|0|0|0|0|0|0|-35714|-35714|0|0|-11786|-120000|0|0|0|0|-160|0|2143|0|0|0|0|0|0|0|167660|0|0|0|0|0|0|0|0|0|0|0|0|0|0
PAX|20-06-2024|DOM|Exchange|NGN|PHG|PHCTKT|NG|PORTHARCOURT TICKETING|OF|A|ACT|1|20-06-2024|0|0|0|0|0|0|8333|8333|0|350|5417|60000|0|0|0|0|0|0|0|0|-74100|0|0|0|0|0|0|0|0|0|0|0|0|0|0|0|0|0|0|0|0|0|0|0|0|0|0|8333|8333|0|350|5417|60000|0|0|0|0|0|0|0|0|0|0|-74100|0|0|0|0|0|0|0|0|0|0|0|0|0|0|0|0|0|0
PAX|20-06-2024|DOM|Exchange|NGN|ABV|DE PREFERRED S PRING|NG|DE PREFERRED SPRING TRAVELS LTD|AG|A|ACT|1|20-06-2024|0|0|0|0|0|0|17857|17857|0|350|11393|60000|0|0|0|0|0|0|0|0|-89600|0|0|0|0|0|0|0|0|0|0|0|0|0|0|0|0|0|0|0|0|0|0|0|0|0|0|17857|17857|0|350|11393|60000|0|0|0|0|0|0|0|0|0|0|-89600|0|0|0|0|0|0|0|0|0|0|0|0|0|0|0|0|0|0
PAX|20-06-2024|DOM|Sales|NGN|LOS|TEMMAWIDE TRAVEL |NG|TEMMAWIDE TRAVEL LIMITED|AG|A|ACT|1|20-06-2024|0|0|0|0|0|0|-70238|-70238|0|0|-8512|-60000|0|0|0|0|0|0|0|0|0|0|0|0|138750|0|0|0|0|0|0|0|0|0|0|0|0|4214|0|0|0|0|0|0|0|0|0|-70238|-70238|0|0|-8512|-60000|0|0|0|0|0|0|4214|0|0|0|0|0|0|0|138750|0|0|0|0|0|0|0|0|0|0|0|0|0|0
PAX|20-06-2024|DOM|Sales|NGN|LOS|VALTHEBEST LOGISTICS|NG|VALTHEBEST LOGISTICS SERVICES|AG|A|ACT|6|20-06-2024|0|0|0|0|0|0|-457619|-457619|0|0|-52881|-360000|0|0|0|0|0|0|0|0|0|0|0|0|870500|0|0|0|0|0|0|0|0|0|0|0|0|27456|0|0|0|0|0|0|0|0|0|-457619|-457619|0|0|-52881|-360000|0|0|0|0|0|0|27456|0|0|0|0|0|0|0|870500|0|0|0|0|0|0|0|0|0|0|0|0|0|0
PAX|20-06-2024|DOM|Sales|NGN|CBQ|LILY-RAZI TRAVELS|NG|LILY-RAZI TRAVELS AND LOGISTICS|AG|A|ACT|5|20-06-2024|0|0|0|0|0|0|-265476|-265476|0|0|-38274|-300000|0|0|0|0|0|0|0|0|0|0|0|0|603750|0|0|0|0|0|0|0|0|0|0|0|0|15927|0|0|0|0|0|0|0|0|0|-265476|-265476|0|0|-38274|-300000|0|0|0|0|0|0|15927|0|0|0|0|0|0|0|603750|0|0|0|0|0|0|0|0|0|0|0|0|0|0
PAX|20-06-2024|DOM|Reissue|NGN|ABV|ABVTKT|NG|ABUJA TICKETING|OF|A|ACT|1|20-06-2024|-3000|0|0|0|0|0|-3000|0|0|0|0|0|0|0|0|0|0|0|0|0|3000|0|0|0|0|0|0|0|0|0|0|0|0|0|0|0|0|0|0|0|0|0|0|0|0|0|0|-3000|0|0|0|0|0|0|0|0|0|0|0|0|0|0|0|3000|0|0|0|0|0|0|0|0|0|0|0|0|0|0|0|0|0|0
PAX|20-06-2024|DOM|Sales|NGN|LOS|AEROCC|NG|CALL CENTER|OF|A|ACT|9|20-06-2024|-3000|0|0|0|0|0|-228191|-225191|0|0|-41760|-300000|0|0|0|0|-640|0|0|0|0|0|0|0|570591|0|0|0|0|0|0|0|0|0|0|0|0|0|0|0|0|0|0|0|0|0|0|-228191|-225191|0|0|-41760|-300000|0|0|0|0|-640|0|0|0|0|0|0|0|0|0|570591|0|0|0|0|0|0|0|0|0|0|0|0|0|0
PAX|20-06-2024|DOM|Sales|NGN|ABV|ABVTKT|NG|ABUJA TICKETING|OF|A|ACT|8|20-06-2024|0|0|0|0|0|0|-487501|-487501|0|0|-54374|-360000|0|0|0|0|-160|0|0|0|0|902035|0|0|0|0|0|0|0|0|0|0|0|0|0|0|0|0|0|0|0|0|0|0|0|0|0|-487501|-487501|0|0|-54374|-360000|0|0|0|0|-160|0|0|0|0|0|0|902035|0|0|0|0|0|0|0|0|0|0|0|0|0|0|0|0|0
PAX|20-06-2024|DOM|Sales|NGN|LOS|TRIPS OTA|NG|TRIPS|AG|A|ACT|11|20-06-2024|0|0|0|0|0|0|-263093|-263093|0|0|-84657|-660000|0|0|0|0|0|0|0|0|0|0|0|0|1007750|0|0|0|0|0|0|0|0|0|0|0|0|15786|0|0|0|0|0|0|0|0|0|-263093|-263093|0|0|-84657|-660000|0|0|0|0|0|0|15786|0|0|0|0|0|0|0|1007750|0|0|0|0|0|0|0|0|0|0|0|0|0|0
PAX|20-06-2024|DOM|Reissue|NGN|LOS|LOSTKT|NG|LAGOS TICKETING|OF|A|ACT|4|20-06-2024|0|0|0|0|0|0|-186667|-186667|0|-700|-42833|-230000|0|0|0|-15000|0|0|0|0|445200|30000|0|0|0|0|0|0|0|0|0|0|0|0|0|0|0|0|0|0|0|0|0|0|0|0|0|-186667|-186667|0|-700|-42833|-230000|0|0|0|-15000|0|0|0|0|0|0|445200|30000|0|0|0|0|0|0|0|0|0|0|0|0|0|0|0|0|0
PAX|20-06-2024|DOM|Sales|NGN|LOS|KPMG CORPORATE|NG|KPMG|AG|A|ACT|2|20-06-2024|0|0|0|0|0|0|-126428|-126428|0|0|-16322|-120000|0|0|0|0|0|0|0|0|0|0|0|0|262750|0|0|0|0|0|0|0|0|0|0|0|0|0|0|0|0|0|0|0|0|0|0|-126428|-126428|0|0|-16322|-120000|0|0|0|0|0|0|0|0|0|0|0|0|0|0|262750|0|0|0|0|0|0|0|0|0|0|0|0|0|0
PAX|20-06-2024|DOM|Exchange|NGN|LOS|LOSTKT|NG|LAGOS TICKETING|OF|A|ACT|8|20-06-2024|0|0|0|0|0|0|233380|233380|0|700|80470|478000|0|0|0|0|0|0|0|0|-792550|0|0|0|0|0|0|0|0|0|0|0|0|0|0|0|0|-12882|0|0|0|0|0|0|0|0|0|233380|233380|0|700|80470|478000|0|0|0|0|0|0|-12882|0|0|0|-792550|0|0|0|0|0|0|0|0|0|0|0|0|0|0|0|0|0|0
PAX|20-06-2024|DOM|Reissue|NGN|LOS|LOSTKT|NG|LAGOS TICKETING|OF|A|ACT|21|20-06-2024|0|0|0|0|0|0|-224052|-224052|0|-2800|-180967|-1188000|0|0|0|-20000|0|0|0|0|1582223|33596|0|0|0|0|0|0|0|0|0|0|0|0|0|0|0|786|0|0|0|0|0|0|0|0|0|-224052|-224052|0|-2800|-180967|-1188000|0|0|0|-20000|0|0|786|0|0|0|1582223|33596|0|0|0|0|0|0|0|0|0|0|0|0|0|0|0|0|0
PAX|20-06-2024|DOM|Exchange|NGN|ABV|ABVTKT|NG|ABUJA TICKETING|OF|A|ACT|4|20-06-2024|0|0|0|0|0|0|155238|155238|0|1750|36084|240000|0|0|0|0|0|0|0|0|-433072|0|0|0|0|0|0|0|0|0|0|0|0|0|0|0|0|0|0|0|0|0|0|0|0|0|0|155238|155238|0|1750|36084|240000|0|0|0|0|0|0|0|0|0|0|-433072|0|0|0|0|0|0|0|0|0|0|0|0|0|0|0|0|0|0
PAX|20-06-2024|DOM|Exchange|NGN|LOS|AEROCC|NG|CALL CENTER|OF|N|ACT|1|20-06-2024|0|0|0|0|0|0|636|636|0|0|4505|0|0|0|0|0|0|0|0|0|-5141|0|0|0|0|0|0|0|0|0|0|0|0|0|0|0|0|0|0|0|0|0|0|0|0|0|0|636|636|0|0|4505|0|0|0|0|0|0|0|0|0|0|0|-5141|0|0|0|0|0|0|0|0|0|0|0|0|0|0|0|0|0|0
PAX|20-06-2024|DOM|Sales|NGN|ABV|TDIS|NG|TDIS LOGISTICS LTD|AG|A|ACT|5|20-06-2024|0|0|0|0|0|0|-280952|-280952|0|0|-34048|-240000|0|0|0|0|-160|0|0|0|0|0|0|0|555160|0|0|0|0|0|0|0|0|0|0|0|0|16856|0|0|0|0|0|0|0|0|0|-280952|-280952|0|0|-34048|-240000|0|0|0|0|-160|0|16856|0|0|0|0|0|0|0|555160|0|0|0|0|0|0|0|0|0|0|0|0|0|0
PAX|20-06-2024|DOM|Exchange|NGN|LOS|LOSTKT|NG|LAGOS TICKETING|OF|A|ACT|3|20-06-2024|0|0|0|0|0|0|76548|76548|0|350|24827|120000|0|0|0|0|0|0|0|0|-221725|0|0|0|0|0|0|0|0|0|0|0|0|0|0|0|0|0|0|0|0|0|0|0|0|0|0|76548|76548|0|350|24827|120000|0|0|0|0|0|0|0|0|0|0|-221725|0|0|0|0|0|0|0|0|0|0|0|0|0|0|0|0|0|0
PAX|20-06-2024|DOM|Sales|NGN|ABV|HINTERLAND TRAVEL|NG|HINTERLAND TRAVEL & TOURS LTD|AG|A|ACT|3|20-06-2024|0|0|0|0|0|0|-29761|-29761|0|0|-16489|-180000|0|0|0|0|0|0|0|0|0|0|0|0|226250|0|0|0|0|0|0|0|0|0|0|0|0|1786|0|0|0|0|0|0|0|0|0|-29761|-29761|0|0|-16489|-180000|0|0|0|0|0|0|1786|0|0|0|0|0|0|0|226250|0|0|0|0|0|0|0|0|0|0|0|0|0|0
PAX|20-06-2024|DOM|Exchange|NGN|LOS|LOSTKT|NG|LAGOS TICKETING|OF|A|ACT|1|20-06-2024|0|0|0|0|0|0|8333|8333|0|0|5417|60000|0|0|0|0|0|0|0|0|-73750|0|0|0|0|0|0|0|0|0|0|0|0|0|0|0|0|0|0|0|0|0|0|0|0|0|0|8333|8333|0|0|5417|60000|0|0|0|0|0|0|0|0|0|0|-73750|0|0|0|0|0|0|0|0|0|0|0|0|0|0|0|0|0|0
PAX|20-06-2024|DOM|Sales|NGN|LOS|AEROCC|NG|CALL CENTER|OF|A|ACT|3|20-06-2024|-3000|0|0|0|0|0|-73238|-70238|0|0|-8512|-60000|0|0|0|0|-160|0|0|0|0|0|0|0|141910|0|0|0|0|0|0|0|0|0|0|0|0|0|0|0|0|0|0|0|0|0|0|-73238|-70238|0|0|-8512|-60000|0|0|0|0|-160|0|0|0|0|0|0|0|0|0|141910|0|0|0|0|0|0|0|0|0|0|0|0|0|0
PAX|20-06-2024|DOM|Sales|NGN|PHC|PHRONESIS TRAVEL ENT|NG|PHRONESIS TRAVEL ENTERPRISE|AG|A|ACT|2|20-06-2024|0|0|0|0|0|0|-126190|-126190|0|0|-21810|-120000|0|0|0|0|0|0|0|0|0|0|0|0|268000|0|0|0|0|0|0|0|0|0|0|0|0|7571|0|0|0|0|0|0|0|0|0|-126190|-126190|0|0|-21810|-120000|0|0|0|0|0|0|7571|0|0|0|0|0|0|0|268000|0|0|0|0|0|0|0|0|0|0|0|0|0|0
PAX|20-06-2024|DOM|Sales|NGN|SKO|SKOTKT|NG|SOKOTO TICKETING|OF|A|ACT|4|20-06-2024|-3000|0|0|0|0|0|-81571|-78571|0|0|-13929|-120000|0|0|0|0|-160|0|0|0|0|215660|0|0|0|0|0|0|0|0|0|0|0|0|0|0|0|0|0|0|0|0|0|0|0|0|0|-81571|-78571|0|0|-13929|-120000|0|0|0|0|-160|0|0|0|0|0|0|215660|0|0|0|0|0|0|0|0|0|0|0|0|0|0|0|0|0
PAX|20-06-2024|DOM|Sales|NGN|PHG|PHCTKT|NG|PORTHARCOURT TICKETING|OF|A|ACT|1|20-06-2024|0|0|0|0|0|0|-32143|-32143|0|0|-6607|-60000|0|0|0|0|0|0|0|0|0|98750|0|0|0|0|0|0|0|0|0|0|0|0|0|0|0|0|0|0|0|0|0|0|0|0|0|-32143|-32143|0|0|-6607|-60000|0|0|0|0|0|0|0|0|0|0|0|98750|0|0|0|0|0|0|0|0|0|0|0|0|0|0|0|0|0
PAX|20-06-2024|DOM|Sales|NGN|LOS|GOFLY TRAVELS|NG|GOFLY TRAVELS|AG|A|ACT|1|20-06-2024|0|0|0|0|0|0|-16666|-16666|0|0|-10833|-120000|0|0|0|0|0|0|0|0|0|0|0|0|147499|0|0|0|0|0|0|0|0|0|0|0|0|1000|0|0|0|0|0|0|0|0|0|-16666|-16666|0|0|-10833|-120000|0|0|0|0|0|0|1000|0|0|0|0|0|0|0|147499|0|0|0|0|0|0|0|0|0|0|0|0|0|0
PAX|20-06-2024|DOM|Sales|NGN|LOS|AEROCC|NG|CALL CENTER|OF|A|ACT|13|20-06-2024|-12000|0|0|0|0|0|-182238|-170238|0|0|-33512|-300000|0|0|0|0|-640|0|0|0|0|0|0|0|516390|0|0|0|0|0|0|0|0|0|0|0|0|0|0|0|0|0|0|0|0|0|0|-182238|-170238|0|0|-33512|-300000|0|0|0|0|-640|0|0|0|0|0|0|0|0|0|516390|0|0|0|0|0|0|0|0|0|0|0|0|0|0
PAX|20-06-2024|DOM|Reissue|NGN|LOS|LOSTKT|NG|LAGOS TICKETING|OF|A|ACT|2|20-06-2024|0|0|0|0|0|0|-91666|-91666|0|-350|-30583|-180000|0|0|0|-5000|0|0|0|0|287099|20500|0|0|0|0|0|0|0|0|0|0|0|0|0|0|0|0|0|0|0|0|0|0|0|0|0|-91666|-91666|0|-350|-30583|-180000|0|0|0|-5000|0|0|0|0|0|0|287099|20500|0|0|0|0|0|0|0|0|0|0|0|0|0|0|0|0|0
PAX|20-06-2024|DOM|Reissue|NGN|LOS|AEROCC|NG|CALL CENTER|OF|N|ACT|1|20-06-2024|0|0|0|0|0|0|-636|-636|0|0|-4505|0|0|0|0|0|0|0|0|0|5141|0|0|0|0|0|0|0|0|0|0|0|0|0|0|0|0|0|0|0|0|0|0|0|0|0|0|-636|-636|0|0|-4505|0|0|0|0|0|0|0|0|0|0|0|5141|0|0|0|0|0|0|0|0|0|0|0|0|0|0|0|0|0|0
PAX|20-06-2024|DOM|Reissue|NGN|SKO|HEXCEL TRAVELS|NG|HEXCEL TRAVELS|AG|A|ACT|1|20-06-2024|0|0|0|0|0|0|-40476|-40476|0|0|-12024|-120000|0|0|0|-5000|0|0|0|0|157500|0|0|0|20000|0|0|0|0|0|0|0|0|0|0|0|0|2428|0|0|0|0|0|0|0|0|0|-40476|-40476|0|0|-12024|-120000|0|0|0|-5000|0|0|2428|0|0|0|157500|0|0|0|20000|0|0|0|0|0|0|0|0|0|0|0|0|0|0
PAX|20-06-2024|DOM|Exchange|NGN|LOS|LOSTKT|NG|LAGOS TICKETING|OF|A|ACT|2|20-06-2024|0|0|0|0|0|0|82142|82142|0|350|24607|180000|0|0|0|0|0|0|0|0|-287099|0|0|0|0|0|0|0|0|0|0|0|0|0|0|0|0|0|0|0|0|0|0|0|0|0|0|82142|82142|0|350|24607|180000|0|0|0|0|0|0|0|0|0|0|-287099|0|0|0|0|0|0|0|0|0|0|0|0|0|0|0|0|0|0
PAX|20-06-2024|DOM|Reissue|NGN|LOS|DHARR TRAVELS AND LO|NG|DHARR TRAVELS AND LOGISTICS LIMITED|AG|A|ACT|1|20-06-2024|0|0|0|0|0|0|-70238|-70238|0|0|-14012|-60000|0|0|0|0|0|0|0|0|144250|0|0|0|0|0|0|0|0|0|0|0|0|0|0|0|0|4214|0|0|0|0|0|0|0|0|0|-70238|-70238|0|0|-14012|-60000|0|0|0|0|0|0|4214|0|0|0|144250|0|0|0|0|0|0|0|0|0|0|0|0|0|0|0|0|0|0
PAX|20-06-2024|DOM|Refund|NGN|PHG|PHCTKT|NG|PORTHARCOURT TICKETING|OF|A|ACT|8|20-06-2024|26000|0|0|0|0|0|26000|0|0|0|0|0|0|0|0|0|0|0|0|-7000|-13000|-6000|0|0|0|0|0|0|0|0|0|0|0|0|0|0|0|0|0|0|0|0|0|0|0|0|0|26000|0|0|0|0|0|0|0|0|0|0|0|0|0|0|-7000|-13000|-6000|0|0|0|0|0|0|0|0|0|0|0|0|0|0|0|0|0
PAX|20-06-2024|DOM|Reissue|NGN|CBQ|LILY-RAZI TRAVELS|NG|LILY-RAZI TRAVELS AND LOGISTICS|AG|A|ACT|5|20-06-2024|0|0|0|0|0|0|-217857|-217857|0|-700|-40262|-300000|0|0|0|-10000|0|0|0|0|518533|0|0|0|50286|0|0|0|0|0|0|0|0|0|0|0|0|13071|0|0|0|0|0|0|0|0|0|-217857|-217857|0|-700|-40262|-300000|0|0|0|-10000|0|0|13071|0|0|0|518533|0|0|0|50286|0|0|0|0|0|0|0|0|0|0|0|0|0|0
PAX|20-06-2024|DOM|Sales|NGN|SKO|LILLYPOND INTEGRATED|NG|LILLYPOND INTEGRATED SERVICES LTD|AG|A|ACT|6|20-06-2024|0|0|0|0|0|0|-116666|-116666|0|0|-35834|-360000|0|0|0|0|-160|0|0|0|0|0|0|0|512660|0|0|0|0|0|0|0|0|0|0|0|0|7000|0|0|0|0|0|0|0|0|0|-116666|-116666|0|0|-35834|-360000|0|0|0|0|-160|0|7000|0|0|0|0|0|0|0|512660|0|0|0|0|0|0|0|0|0|0|0|0|0|0
PAX|20-06-2024|DOM|Exchange|NGN|LOS|AERO EXECUTIVE DESK |NG|AERO EXECUTIVE DESK USERS|OF|A|ACT|5|20-06-2024|0|0|0|0|0|0|119958|119958|0|0|50703|420000|0|0|0|0|0|0|0|0|-590661|0|0|0|0|0|0|0|0|0|0|0|0|0|0|0|0|-3126|0|0|0|0|0|0|0|0|0|119958|119958|0|0|50703|420000|0|0|0|0|0|0|-3126|0|0|0|-590661|0|0|0|0|0|0|0|0|0|0|0|0|0|0|0|0|0|0
PAX|20-06-2024|DOM|Reissue|NGN|LOS|AEROCC|NG|CALL CENTER|OF|A|ACT|11|20-06-2024|0|0|0|0|0|0|-110486|-110486|0|-2100|-76527|-720000|0|0|0|0|0|0|0|0|909113|0|0|0|0|0|0|0|0|0|0|0|0|0|0|0|0|0|0|0|0|0|0|0|0|0|0|-110486|-110486|0|-2100|-76527|-720000|0|0|0|0|0|0|0|0|0|0|909113|0|0|0|0|0|0|0|0|0|0|0|0|0|0|0|0|0|0
PAX|20-06-2024|DOM|Reissue|NGN|LOS|AEROCC|NG|CALL CENTER|OF|A|ACT|6|20-06-2024|-14000|0|0|0|0|0|-36619|-22619|0|0|-6131|-60000|0|0|0|0|0|0|0|0|102750|0|0|0|0|0|0|0|0|0|0|0|0|0|0|0|0|1357|0|0|0|0|0|0|0|0|0|-36619|-22619|0|0|-6131|-60000|0|0|0|0|0|0|1357|0|0|0|102750|0|0|0|0|0|0|0|0|0|0|0|0|0|0|0|0|0|0
PAX|20-06-2024|DOM|Sales|NGN|LOS|AEROCC|NG|CALL CENTER|OF|A|ACT|74|20-06-2024|-30000|0|0|0|0|0|-1422938|-1392938|195072|0|-363666|-2696000|0|0|0|0|-4320|0|0|0|0|0|0|0|4291852|0|0|0|0|0|0|0|0|0|0|0|0|0|0|0|0|0|0|0|0|0|0|-1422938|-1392938|195072|0|-363666|-2696000|0|0|0|0|-4320|0|0|0|0|0|0|0|0|0|4291852|0|0|0|0|0|0|0|0|0|0|0|0|0|0
PAX|20-06-2024|DOM|Sales|NGN|ABV|KUDOS TRAVELS|NG|KUDOS TRAVELS & TOURS LTD|AG|A|ACT|1|20-06-2024|0|0|0|0|0|0|-70238|-70238|0|0|-8512|-60000|0|0|0|0|0|0|0|0|0|0|0|0|138750|0|0|0|0|0|0|0|0|0|0|0|0|4214|0|0|0|0|0|0|0|0|0|-70238|-70238|0|0|-8512|-60000|0|0|0|0|0|0|4214|0|0|0|0|0|0|0|138750|0|0|0|0|0|0|0|0|0|0|0|0|0|0
PAX|20-06-2024|DOM|Sales|NGN|LOS|BUKTEXTRAVELS|NG|BUKTEXTRAVELS AND LOGISTICS|AG|A|ACT|1|20-06-2024|0|0|0|0|0|0|-70238|-70238|0|0|-14012|-60000|0|0|0|0|0|0|0|0|0|0|0|0|144250|0|0|0|0|0|0|0|0|0|0|0|0|4214|0|0|0|0|0|0|0|0|0|-70238|-70238|0|0|-14012|-60000|0|0|0|0|0|0|4214|0|0|0|0|0|0|0|144250|0|0|0|0|0|0|0|0|0|0|0|0|0|0
PAX|20-06-2024|DOM|Exchange|NGN|CBQ|LILY-RAZI TRAVELS|NG|LILY-RAZI TRAVELS AND LOGISTICS|AG|A|ACT|5|20-06-2024|0|0|0|0|0|0|194047|194047|0|700|33786|290000|0|0|0|0|0|0|0|0|-518533|0|0|0|0|0|0|0|0|0|0|0|0|0|0|0|0|-10357|0|0|0|0|0|0|0|0|0|194047|194047|0|700|33786|290000|0|0|0|0|0|0|-10357|0|0|0|-518533|0|0|0|0|0|0|0|0|0|0|0|0|0|0|0|0|0|0
PAX|20-06-2024|DOM|Reissue|NGN|YOL|YOLTKT|NG|YOLA TICKETING|OF|A|ACT|1|20-06-2024|0|0|0|0|0|0|-70238|-70238|0|-350|-8512|-60000|0|0|0|0|0|0|0|0|139100|0|0|0|0|0|0|0|0|0|0|0|0|0|0|0|0|0|0|0|0|0|0|0|0|0|0|-70238|-70238|0|-350|-8512|-60000|0|0|0|0|0|0|0|0|0|0|139100|0|0|0|0|0|0|0|0|0|0|0|0|0|0|0|0|0|0
PAX|20-06-2024|DOM|Exchange|NGN|LOS|DHARR TRAVELS AND LO|NG|DHARR TRAVELS AND LOGISTICS LIMITED|AG|A|ACT|2|20-06-2024|0|0|0|0|0|0|140476|140476|0|0|28024|120000|0|0|0|0|0|0|0|0|-288500|0|0|0|0|0|0|0|0|0|0|0|0|0|0|0|0|0|0|0|0|0|0|0|0|0|0|140476|140476|0|0|28024|120000|0|0|0|0|0|0|0|0|0|0|-288500|0|0|0|0|0|0|0|0|0|0|0|0|0|0|0|0|0|0
PAX|20-06-2024|DOM|Reissue|NGN|YOL|H.A.M TRAVELS |NG|H.A.M TRAVELS NIG. LTD|AG|A|ACT|1|20-06-2024|-3000|0|0|0|0|0|-3000|0|0|0|0|0|0|0|0|0|0|0|0|0|3000|0|0|0|0|0|0|0|0|0|0|0|0|0|0|0|0|0|0|0|0|0|0|0|0|0|0|-3000|0|0|0|0|0|0|0|0|0|0|0|0|0|0|0|3000|0|0|0|0|0|0|0|0|0|0|0|0|0|0|0|0|0|0
PAX|20-06-2024|DOM|Refund|NGN|PHC|HIREALMS GLOBAL|NG|HIREALMS GLOBAL|AG|A|ACT|7|20-06-2024|0|0|0|0|0|0|106309|106309|0|0|21565|125000|0|0|0|-25447|0|0|0|0|0|0|0|0|-227427|0|0|0|0|0|0|0|0|0|0|0|0|-6107|0|0|0|0|0|0|0|0|0|106309|106309|0|0|21565|125000|0|0|0|-25447|0|0|-6107|0|0|0|0|0|0|0|-227427|0|0|0|0|0|0|0|0|0|0|0|0|0|0
PAX|20-06-2024|DOM|Refund|NGN|LOS|AEROCC|NG|CALL CENTER|OF|A|ACT|17|20-06-2024|1000|0|0|0|0|0|302285|301285|0|3150|89314|805000|0|0|0|-29971|0|0|0|-848735|0|-209543|0|0|0|0|0|0|0|-111500|0|0|0|0|0|0|0|0|0|0|0|0|0|0|0|0|0|302285|301285|0|3150|89314|805000|0|0|0|-29971|0|0|0|0|0|-848735|0|-209543|0|0|0|0|0|0|0|-111500|0|0|0|0|0|0|0|0|0
PAX|20-06-2024|DOM|Sales|NGN|LOS|TRAVEL100 NIG LTD|NG|TRAVEL100 NIGERIA LIMITED|AG|A|ACT|4|20-06-2024|0|0|0|0|0|0|-228096|-228096|0|0|-42404|-240000|0|0|0|0|-320|0|0|0|0|0|0|0|510820|0|0|0|0|0|0|0|0|0|0|0|0|13686|0|0|0|0|0|0|0|0|0|-228096|-228096|0|0|-42404|-240000|0|0|0|0|-320|0|13686|0|0|0|0|0|0|0|510820|0|0|0|0|0|0|0|0|0|0|0|0|0|0
PAX|20-06-2024|DOM|Sales|NGN|ABV|TDIS|NG|TDIS LOGISTICS LTD|AG|A|ACT|1|20-06-2024|0|0|0|0|0|0|-60714|-60714|0|0|-8036|-60000|0|0|0|0|0|0|0|0|0|0|0|0|128750|0|0|0|0|0|0|0|0|0|0|0|0|3643|0|0|0|0|0|0|0|0|0|-60714|-60714|0|0|-8036|-60000|0|0|0|0|0|0|3643|0|0|0|0|0|0|0|128750|0|0|0|0|0|0|0|0|0|0|0|0|0|0
PAX|20-06-2024|DOM|Reissue|NGN|ABV|ABVTKT|NG|ABUJA TICKETING|OF|A|ACT|11|20-06-2024|0|0|0|0|0|0|-385094|-385094|0|-1750|-84755|-720000|0|0|0|-35000|0|0|36650|0|1128800|61149|0|0|0|0|0|0|0|0|0|0|0|0|0|0|0|500|0|0|0|0|0|0|0|0|0|-385094|-385094|0|-1750|-84755|-720000|0|0|0|-35000|0|0|500|0|36650|0|1128800|61149|0|0|0|0|0|0|0|0|0|0|0|0|0|0|0|0|0
PAX|20-06-2024|DOM|Exchange|NGN|SKO|LILLYPOND INTEGRATED|NG|LILLYPOND INTEGRATED SERVICES LTD|AG|A|ACT|3|20-06-2024|0|0|0|0|0|0|74238|74238|0|0|39212|360000|0|0|0|0|0|0|0|0|-473450|0|0|0|0|0|0|0|0|0|0|0|0|0|0|0|0|-4454|0|0|0|0|0|0|0|0|0|74238|74238|0|0|39212|360000|0|0|0|0|0|0|-4454|0|0|0|-473450|0|0|0|0|0|0|0|0|0|0|0|0|0|0|0|0|0|0
PAX|20-06-2024|DOM|Reissue|NGN|LOS|IPFM CONTINENTAL |NG|IPFM CONTINENTAL AND SYNERGY LIMITED|AG|A|ACT|1|20-06-2024|0|0|0|0|0|0|-121667|-121667|0|0|-16583|-60000|0|0|0|0|0|0|0|0|144250|0|0|0|54000|0|0|0|0|0|0|0|0|0|0|0|0|7300|0|0|0|0|0|0|0|0|0|-121667|-121667|0|0|-16583|-60000|0|0|0|0|0|0|7300|0|0|0|144250|0|0|0|54000|0|0|0|0|0|0|0|0|0|0|0|0|0|0
PAX|20-06-2024|DOM|Sales|NGN|ABV|ABVTKT|NG|ABUJA TICKETING|OF|A|ACT|5|20-06-2024|0|0|0|0|0|0|-214286|-214286|0|0|-30714|-240000|0|0|0|0|-160|0|0|0|0|485160|0|0|0|0|0|0|0|0|0|0|0|0|0|0|0|0|0|0|0|0|0|0|0|0|0|-214286|-214286|0|0|-30714|-240000|0|0|0|0|-160|0|0|0|0|0|0|485160|0|0|0|0|0|0|0|0|0|0|0|0|0|0|0|0|0
PAX|20-06-2024|DOM|Exchange|NGN|ABV|ABVTKT|NG|ABUJA TICKETING|OF|A|ACT|13|20-06-2024|0|0|0|0|0|0|340712|340712|0|1750|119038|960000|0|0|0|0|0|0|0|0|-1421500|0|0|0|0|0|0|0|0|0|0|0|0|0|0|0|0|-2477|0|0|0|0|0|0|0|0|0|340712|340712|0|1750|119038|960000|0|0|0|0|0|0|-2477|0|0|0|-1421500|0|0|0|0|0|0|0|0|0|0|0|0|0|0|0|0|0|0
PAX|20-06-2024|DOM|Sales|NGN|LOS|TRAVEL ESSENTIAL|NG|TRAVEL ESSENTIAL|AG|A|ACT|1|20-06-2024|0|0|0|0|0|0|-70238|-70238|0|0|-14012|-60000|0|0|0|0|0|0|0|0|0|0|0|0|144250|0|0|0|0|0|0|0|0|0|0|0|0|4214|0|0|0|0|0|0|0|0|0|-70238|-70238|0|0|-14012|-60000|0|0|0|0|0|0|4214|0|0|0|0|0|0|0|144250|0|0|0|0|0|0|0|0|0|0|0|0|0|0
PAX|20-06-2024|DOM|Exchange|NGN|ABV|ABVTKT|NG|ABUJA TICKETING|OF|A|ACT|4|20-06-2024|0|0|0|0|0|0|113524|113524|0|700|37976|358000|0|0|0|0|0|0|0|0|-510200|0|0|0|0|0|0|0|0|0|0|0|0|0|0|0|0|0|0|0|0|0|0|0|0|0|0|113524|113524|0|700|37976|358000|0|0|0|0|0|0|0|0|0|0|-510200|0|0|0|0|0|0|0|0|0|0|0|0|0|0|0|0|0|0
PAX|20-06-2024|DOM|Sales|NGN|ABV|CHELLAS TRAVELS|NG|CHELLAS TRAVELS|AG|A|ACT|3|20-06-2024|0|0|0|0|0|0|-88095|-88095|0|0|-15012|-120000|0|0|0|0|-160|0|0|0|0|0|0|0|223267|0|0|0|0|0|0|0|0|0|0|0|0|5285|0|0|0|0|0|0|0|0|0|-88095|-88095|0|0|-15012|-120000|0|0|0|0|-160|0|5285|0|0|0|0|0|0|0|223267|0|0|0|0|0|0|0|0|0|0|0|0|0|0
PAX|20-06-2024|DOM|Sales|NGN|LOS|Rafi Consol|NG|Rafi Consolidated Services Limited|AG|A|ACT|2|20-06-2024|0|0|0|0|0|0|-81190|-81190|0|0|-14059|-120000|0|0|0|0|0|0|0|0|0|0|0|0|215249|0|0|0|0|0|0|0|0|0|0|0|0|4429|0|0|0|0|0|0|0|0|0|-81190|-81190|0|0|-14059|-120000|0|0|0|0|0|0|4429|0|0|0|0|0|0|0|215249|0|0|0|0|0|0|0|0|0|0|0|0|0|0
PAX|20-06-2024|DOM|Reissue|NGN|ABV|ABVTKT|NG|ABUJA TICKETING|OF|A|ACT|2|20-06-2024|-2000|0|0|0|0|0|-2000|0|0|0|0|0|0|0|0|0|0|0|0|0|2000|0|0|0|0|0|0|0|0|0|0|0|0|0|0|0|0|0|0|0|0|0|0|0|0|0|0|-2000|0|0|0|0|0|0|0|0|0|0|0|0|0|0|0|2000|0|0|0|0|0|0|0|0|0|0|0|0|0|0|0|0|0|0
PAX|20-06-2024|DOM|Reissue|NGN|PHC|PHRONESIS TRAVEL ENT|NG|PHRONESIS TRAVEL ENTERPRISE|AG|A|ACT|1|20-06-2024|0|0|0|0|0|0|-70238|-70238|0|0|-8512|-60000|0|0|0|0|0|0|0|0|128750|0|0|0|10000|0|0|0|0|0|0|0|0|0|0|0|0|4214|0|0|0|0|0|0|0|0|0|-70238|-70238|0|0|-8512|-60000|0|0|0|0|0|0|4214|0|0|0|128750|0|0|0|10000|0|0|0|0|0|0|0|0|0|0|0|0|0|0
PAX|20-06-2024|DOM|Sales|NGN|SKO|FAIB TRAVELS & TOURS|NG|FAIB TRAVELS AND TOURS LIMITED|AG|A|ACT|2|20-06-2024|0|0|0|0|0|0|-162143|-162143|0|0|-23107|-180000|0|0|0|0|0|0|0|0|0|0|0|0|365250|0|0|0|0|0|0|0|0|0|0|0|0|9729|0|0|0|0|0|0|0|0|0|-162143|-162143|0|0|-23107|-180000|0|0|0|0|0|0|9729|0|0|0|0|0|0|0|365250|0|0|0|0|0|0|0|0|0|0|0|0|0|0
PAX|20-06-2024|DOM|Sales|NGN|PHG|PHCTKT|NG|PORTHARCOURT TICKETING|OF|A|ACT|52|20-06-2024|-76800|0|0|-76800|0|0|-1773462|-1696662|0|0|-282338|-2040000|0|0|0|0|-2240|0|0|0|0|4098040|0|0|0|0|0|0|0|0|0|0|0|0|0|0|0|0|0|0|0|0|0|0|-76800|0|0|-1773462|-1696662|0|0|-282338|-2040000|0|0|0|0|-2240|0|0|0|0|0|0|4098040|0|0|0|0|0|0|0|0|0|0|0|0|0|0|0|0|0
PAX|20-06-2024|DOM|Exchange|NGN|ABB|ABBTKT|NG|ASABA TICKETING|OF|A|ACT|5|20-06-2024|0|0|0|0|0|0|146427|146427|0|350|48823|300000|0|0|0|0|0|0|0|0|-495600|0|0|0|0|0|0|0|0|0|0|0|0|0|0|0|0|0|0|0|0|0|0|0|0|0|0|146427|146427|0|350|48823|300000|0|0|0|0|0|0|0|0|0|0|-495600|0|0|0|0|0|0|0|0|0|0|0|0|0|0|0|0|0|0
PAX|20-06-2024|DOM|Reissue|NGN|LOS|LOSTKT|NG|LAGOS TICKETING|OF|M|ACT|3|20-06-2024|0|0|0|0|0|0|-52000|-52000|0|0|-23250|-145000|0|0|0|0|0|0|0|0|220250|0|0|0|0|0|0|0|0|0|0|0|0|0|0|0|0|0|0|0|0|0|0|0|0|0|0|-52000|-52000|0|0|-23250|-145000|0|0|0|0|0|0|0|0|0|0|220250|0|0|0|0|0|0|0|0|0|0|0|0|0|0|0|0|0|0
PAX|20-06-2024|DOM|Sales|NGN|ABV|ABVTKT|NG|ABUJA TICKETING|OF|A|ACT|6|20-06-2024|-3000|0|0|0|0|0|-120559|-117559|0|0|-25878|-240000|0|0|0|0|-160|0|0|0|0|386597|0|0|0|0|0|0|0|0|0|0|0|0|0|0|0|0|0|0|0|0|0|0|0|0|0|-120559|-117559|0|0|-25878|-240000|0|0|0|0|-160|0|0|0|0|0|0|386597|0|0|0|0|0|0|0|0|0|0|0|0|0|0|0|0|0
PAX|20-06-2024|DOM|Reissue|NGN|CBQ|CBQTKT|NG|CALABAR TICKETING|OF|A|ACT|1|20-06-2024|0|0|0|0|0|0|-32143|-32143|0|-350|-6607|-60000|0|0|0|0|0|0|0|0|99100|0|0|0|0|0|0|0|0|0|0|0|0|0|0|0|0|0|0|0|0|0|0|0|0|0|0|-32143|-32143|0|-350|-6607|-60000|0|0|0|0|0|0|0|0|0|0|99100|0|0|0|0|0|0|0|0|0|0|0|0|0|0|0|0|0|0
PAX|20-06-2024|DOM|Refund|NGN|YOL|H.A.M TRAVELS |NG|H.A.M TRAVELS NIG. LTD|AG|A|ACT|2|20-06-2024|6000|0|0|0|0|0|6000|0|0|0|0|0|0|0|0|0|0|0|0|-3000|-3000|0|0|0|0|0|0|0|0|0|0|0|0|0|0|0|0|0|0|0|0|0|0|0|0|0|0|6000|0|0|0|0|0|0|0|0|0|0|0|0|0|0|-3000|-3000|0|0|0|0|0|0|0|0|0|0|0|0|0|0|0|0|0|0
PAX|20-06-2024|DOM|Reissue|NGN|LOS|SD LOGISTICS & TOURS|NG|SD LOGISTICS AND TOURS LIMITED|AG|A|ACT|1|20-06-2024|0|0|0|0|0|0|-106429|-106429|0|0|-10321|-60000|0|0|0|0|0|0|0|0|176750|0|0|0|0|0|0|0|0|0|0|0|0|0|0|0|0|6386|0|0|0|0|0|0|0|0|0|-106429|-106429|0|0|-10321|-60000|0|0|0|0|0|0|6386|0|0|0|176750|0|0|0|0|0|0|0|0|0|0|0|0|0|0|0|0|0|0
PAX|20-06-2024|DOM|Sales|NGN|ABV|DE PREFERRED S PRING|NG|DE PREFERRED SPRING TRAVELS LTD|AG|N|ACT|1|20-06-2024|0|0|0|0|0|0|-545|-545|0|0|-2027|0|0|0|0|0|0|0|0|0|0|0|0|0|2572|0|0|0|0|0|0|0|0|0|0|0|0|33|0|0|0|0|0|0|0|0|0|-545|-545|0|0|-2027|0|0|0|0|0|0|0|33|0|0|0|0|0|0|0|2572|0|0|0|0|0|0|0|0|0|0|0|0|0|0
PAX|20-06-2024|DOM|Exchange|NGN|LOS|AEROCC|NG|CALL CENTER|OF|A|ACT|2|20-06-2024|0|0|0|0|0|0|51072|51072|0|350|7553|60000|0|0|0|0|0|0|0|0|-118975|0|0|0|0|0|0|0|0|0|0|0|0|0|0|0|0|0|0|0|0|0|0|0|0|0|0|51072|51072|0|350|7553|60000|0|0|0|0|0|0|0|0|0|0|-118975|0|0|0|0|0|0|0|0|0|0|0|0|0|0|0|0|0|0
PAX|20-06-2024|DOM|Exchange|NGN|LOS|AEROCC|NG|CALL CENTER|OF|A|ACT|5|20-06-2024|0|0|0|0|0|0|109142|109142|0|1050|89358|660000|0|0|0|0|0|0|0|0|-859550|0|0|0|0|0|0|0|0|0|0|0|0|0|0|0|0|0|0|0|0|0|0|0|0|0|0|109142|109142|0|1050|89358|660000|0|0|0|0|0|0|0|0|0|0|-859550|0|0|0|0|0|0|0|0|0|0|0|0|0|0|0|0|0|0
